{"textures":{"0":"modelengine:entity/ce87828b-e79e-3451-ba37-df2252904e58","particle":"#0"},"elements":[{"from":[21.116833,9.966667,8.51904],"to":[25.116833,10.0,11.852374],"faces":{"south":{"uv":[16.0,0.25,15.875,0.0],"tintindex":0,"rotation":0,"texture":"#0"},"up":{"uv":[7.25,6.625,6.5,6.0],"tintindex":0,"rotation":0,"texture":"#0"},"down":{"uv":[7.25,6.0,6.5,6.625],"tintindex":0,"rotation":0,"texture":"#0"}}},{"from":[13.450165,5.633333,8.51904],"to":[17.450165,5.6666665,11.852374],"faces":{"south":{"uv":[16.0,0.25,15.875,0.0],"tintindex":0,"rotation":0,"texture":"#0"},"up":{"uv":[7.25,6.625,6.5,6.0],"tintindex":0,"rotation":0,"texture":"#0"},"down":{"uv":[7.25,6.0,6.5,6.625],"tintindex":0,"rotation":0,"texture":"#0"}}},{"from":[11.116832,2.0101266,7.5625],"to":[15.116832,5.34346,7.5958333],"faces":{"south":{"uv":[7.25,6.625,6.5,6.0],"tintindex":0,"rotation":0,"texture":"#0"},"north":{"uv":[7.25,6.0,6.5,6.625],"tintindex":0,"rotation":180,"texture":"#0"},"down":{"uv":[16.0,0.0,15.875,0.25],"tintindex":0,"rotation":0,"texture":"#0"}}},{"from":[6.7708335,5.333333,6.5625],"to":[26.770834,6.6666665,8.5625],"faces":{"east":{"uv":[14.3125,3.625,13.875,3.875],"tintindex":0,"rotation":0,"texture":"#0"},"south":{"uv":[12.125,6.5625,8.375,6.8125],"tintindex":0,"rotation":0,"texture":"#0"},"north":{"uv":[8.375,6.5625,12.125,6.8125],"tintindex":0,"rotation":0,"texture":"#0"},"west":{"uv":[13.875,3.625,14.3125,3.875],"tintindex":0,"rotation":0,"texture":"#0"},"up":{"uv":[10.8125,0.375,7.0625,0.0],"tintindex":0,"rotation":0,"texture":"#0"},"down":{"uv":[10.8125,0.0,7.0625,0.375],"tintindex":0,"rotation":0,"texture":"#0"}}},{"from":[6.7708335,9.333333,6.5625],"to":[26.770834,10.666667,8.5625],"faces":{"east":{"uv":[14.3125,3.625,13.875,3.875],"tintindex":0,"rotation":0,"texture":"#0"},"south":{"uv":[12.125,6.5625,8.375,6.8125],"tintindex":0,"rotation":0,"texture":"#0"},"north":{"uv":[8.375,6.5625,12.125,6.8125],"tintindex":0,"rotation":0,"texture":"#0"},"west":{"uv":[13.875,3.625,14.3125,3.875],"tintindex":0,"rotation":0,"texture":"#0"},"up":{"uv":[10.8125,0.375,7.0625,0.0],"tintindex":0,"rotation":0,"texture":"#0"},"down":{"uv":[10.8125,0.0,7.0625,0.375],"tintindex":0,"rotation":0,"texture":"#0"}}},{"from":[18.783499,2.0101266,7.5625],"to":[22.783499,5.34346,7.5958333],"faces":{"south":{"uv":[7.25,6.625,6.5,6.0],"tintindex":0,"rotation":0,"texture":"#0"},"north":{"uv":[7.25,6.0,6.5,6.625],"tintindex":0,"rotation":180,"texture":"#0"},"down":{"uv":[16.0,0.0,15.875,0.25],"tintindex":0,"rotation":0,"texture":"#0"}}},{"from":[18.783499,10.65654,7.5625],"to":[22.783499,13.989874,7.5958333],"faces":{"south":{"uv":[7.25,6.0,6.5,6.625],"tintindex":0,"rotation":0,"texture":"#0"},"north":{"uv":[7.25,6.625,6.5,6.0],"tintindex":0,"rotation":180,"texture":"#0"},"up":{"uv":[16.0,0.25,15.875,0.0],"tintindex":0,"rotation":0,"texture":"#0"}}},{"from":[13.450165,9.966667,8.51904],"to":[17.450165,10.0,11.852374],"faces":{"south":{"uv":[16.0,0.25,15.875,0.0],"tintindex":0,"rotation":0,"texture":"#0"},"up":{"uv":[7.25,6.625,6.5,6.0],"tintindex":0,"rotation":0,"texture":"#0"},"down":{"uv":[7.25,6.0,6.5,6.625],"tintindex":0,"rotation":0,"texture":"#0"}}},{"from":[11.116832,10.65654,7.5625],"to":[15.116832,13.989874,7.5958333],"faces":{"south":{"uv":[7.25,6.0,6.5,6.625],"tintindex":0,"rotation":0,"texture":"#0"},"north":{"uv":[7.25,6.625,6.5,6.0],"tintindex":0,"rotation":180,"texture":"#0"},"up":{"uv":[16.0,0.25,15.875,0.0],"tintindex":0,"rotation":0,"texture":"#0"}}},{"from":[6.7708335,7.0,6.395833],"to":[9.104167,9.0,8.729167],"faces":{"east":{"uv":[13.625,11.5,13.8125,11.6875],"tintindex":0,"rotation":0,"texture":"#0"},"south":{"uv":[13.625,11.5,13.8125,11.6875],"tintindex":0,"rotation":0,"texture":"#0"},"north":{"uv":[13.625,11.5,13.8125,11.6875],"tintindex":0,"rotation":0,"texture":"#0"},"west":{"uv":[13.625,11.5,13.8125,11.6875],"tintindex":0,"rotation":0,"texture":"#0"},"up":{"uv":[13.625,11.5,13.8125,11.6875],"tintindex":0,"rotation":0,"texture":"#0"},"down":{"uv":[13.625,11.5,13.8125,11.6875],"tintindex":0,"rotation":0,"texture":"#0"}}},{"from":[21.116833,5.633333,8.51904],"to":[25.116833,5.6666665,11.852374],"faces":{"south":{"uv":[16.0,0.25,15.875,0.0],"tintindex":0,"rotation":0,"texture":"#0"},"up":{"uv":[7.25,6.625,6.5,6.0],"tintindex":0,"rotation":0,"texture":"#0"},"down":{"uv":[7.25,6.0,6.5,6.625],"tintindex":0,"rotation":0,"texture":"#0"}}},{"from":[7.104167,4.6666665,6.7291665],"to":[8.770833,11.333334,8.395833],"faces":{"east":{"uv":[6.5,11.625,6.8125,12.875],"tintindex":0,"rotation":0,"texture":"#0"},"south":{"uv":[6.5,11.625,6.8125,12.875],"tintindex":0,"rotation":0,"texture":"#0"},"north":{"uv":[6.5,11.625,6.8125,12.875],"tintindex":0,"rotation":0,"texture":"#0"},"west":{"uv":[6.5,11.625,6.8125,12.875],"tintindex":0,"rotation":0,"texture":"#0"},"up":{"uv":[3.3125,9.375,3.0,9.0625],"tintindex":0,"rotation":0,"texture":"#0"},"down":{"uv":[3.3125,9.0625,3.0,9.375],"tintindex":0,"rotation":0,"texture":"#0"}}},{"from":[24.437502,4.6666665,6.7291665],"to":[26.104168,11.333334,8.395833],"faces":{"east":{"uv":[6.5,11.625,6.8125,12.875],"tintindex":0,"rotation":0,"texture":"#0"},"south":{"uv":[6.5,11.625,6.8125,12.875],"tintindex":0,"rotation":0,"texture":"#0"},"north":{"uv":[6.5,11.625,6.8125,12.875],"tintindex":0,"rotation":0,"texture":"#0"},"west":{"uv":[6.5,11.625,6.8125,12.875],"tintindex":0,"rotation":0,"texture":"#0"},"up":{"uv":[3.3125,9.375,3.0,9.0625],"tintindex":0,"rotation":0,"texture":"#0"},"down":{"uv":[3.3125,9.0625,3.0,9.375],"tintindex":0,"rotation":0,"texture":"#0"}}}],"display":{"gui":{"rotation":[-150.0,-45.0,180.0]}}}