{"textures":{"0":"modelengine:entity/ce87828b-e79e-3451-ba37-df2252904e58","particle":"#0"},"elements":[{"from":[14.478523,2.7286873,11.953125],"to":[27.478523,12.228687,12.203125],"faces":{"east":{"uv":[15.9375,0.125,16.0,0.0],"tintindex":0,"rotation":0,"texture":"#0"},"south":{"uv":[3.375,2.9375,5.0,4.125],"tintindex":0,"rotation":0,"texture":"#0"},"north":{"uv":[5.0,2.9375,3.375,4.125],"tintindex":0,"rotation":0,"texture":"#0"},"west":{"uv":[15.9375,0.0625,16.0,0.0],"tintindex":0,"rotation":0,"texture":"#0"}},"rotation":{"origin":[16.262459,5.1262846,7.8031254],"angle":45.0,"axis":"z"}},{"from":[13.112495,-1.1218758,6.1031256],"to":[17.112495,1.3781242,10.103126],"faces":{"east":{"uv":[13.9375,11.5,13.625,12.0],"tintindex":0,"rotation":270,"texture":"#0"},"south":{"uv":[13.625,12.5,13.9375,12.0],"tintindex":0,"rotation":90,"texture":"#0"},"north":{"uv":[12.0625,13.625,12.375,14.125],"tintindex":0,"rotation":90,"texture":"#0"},"west":{"uv":[12.0625,13.625,11.75,14.125],"tintindex":0,"rotation":90,"texture":"#0"},"up":{"uv":[12.75,12.75,12.625,12.875],"tintindex":0,"rotation":180,"texture":"#0"},"down":{"uv":[13.125,12.75,12.625,13.25],"tintindex":0,"rotation":0,"texture":"#0"}}},{"from":[13.3125,6.253124,2.0781255],"to":[16.8125,9.753124,5.078125],"faces":{"east":{"uv":[1.375,8.0625,1.75,8.5],"tintindex":0,"rotation":0,"texture":"#0"},"south":{"uv":[13.3125,2.875,13.75,3.3125],"tintindex":0,"rotation":0,"texture":"#0"},"north":{"uv":[13.3125,2.875,13.75,3.3125],"tintindex":0,"rotation":0,"texture":"#0"},"west":{"uv":[1.375,8.0625,1.75,8.5],"tintindex":0,"rotation":0,"texture":"#0"},"up":{"uv":[3.75,8.5625,3.3125,8.1875],"tintindex":0,"rotation":0,"texture":"#0"},"down":{"uv":[3.75,8.1875,3.3125,8.5625],"tintindex":0,"rotation":0,"texture":"#0"}}},{"from":[8.287498,6.2281246,6.0531254],"to":[17.287498,9.728125,9.553125],"faces":{"east":{"uv":[9.875,13.1875,9.4375,13.625],"tintindex":0,"rotation":0,"texture":"#0"},"south":{"uv":[10.625,11.1875,9.5,11.625],"tintindex":0,"rotation":0,"texture":"#0"},"north":{"uv":[9.5,11.1875,10.625,11.625],"tintindex":0,"rotation":0,"texture":"#0"},"west":{"uv":[9.4375,13.1875,9.875,13.625],"tintindex":0,"rotation":0,"texture":"#0"},"up":{"uv":[12.375,2.5625,11.25,2.125],"tintindex":0,"rotation":0,"texture":"#0"},"down":{"uv":[12.375,2.125,11.25,2.5625],"tintindex":0,"rotation":0,"texture":"#0"}}},{"from":[13.3125,6.253124,10.578125],"to":[16.8125,9.753124,13.578125],"faces":{"east":{"uv":[1.375,8.0625,1.75,8.5],"tintindex":0,"rotation":0,"texture":"#0"},"south":{"uv":[13.3125,2.875,13.75,3.3125],"tintindex":0,"rotation":0,"texture":"#0"},"north":{"uv":[13.3125,2.875,13.75,3.3125],"tintindex":0,"rotation":0,"texture":"#0"},"west":{"uv":[1.375,8.0625,1.75,8.5],"tintindex":0,"rotation":0,"texture":"#0"},"up":{"uv":[3.75,8.5625,3.3125,8.1875],"tintindex":0,"rotation":0,"texture":"#0"},"down":{"uv":[3.75,8.1875,3.3125,8.5625],"tintindex":0,"rotation":0,"texture":"#0"}}},{"from":[13.8125,6.753124,1.0781255],"to":[16.3125,9.253124,15.078125],"faces":{"east":{"uv":[7.625,1.375,9.375,1.6875],"tintindex":0,"rotation":0,"texture":"#0"},"south":{"uv":[14.0625,8.75,14.375,9.0625],"tintindex":0,"rotation":0,"texture":"#0"},"north":{"uv":[14.0625,8.4375,14.375,8.75],"tintindex":0,"rotation":0,"texture":"#0"},"west":{"uv":[7.625,1.375,9.375,1.6875],"tintindex":0,"rotation":0,"texture":"#0"},"up":{"uv":[4.875,10.625,4.5625,8.875],"tintindex":0,"rotation":0,"texture":"#0"},"down":{"uv":[4.875,8.875,4.5625,10.625],"tintindex":0,"rotation":0,"texture":"#0"}}},{"from":[13.8125,1.2531242,6.828125],"to":[16.3125,6.253124,9.328125],"faces":{"east":{"uv":[3.0,8.4375,3.3125,9.0625],"tintindex":0,"rotation":0,"texture":"#0"},"south":{"uv":[3.0,8.4375,3.3125,9.0625],"tintindex":0,"rotation":0,"texture":"#0"},"north":{"uv":[3.0,8.4375,3.3125,9.0625],"tintindex":0,"rotation":0,"texture":"#0"},"west":{"uv":[3.0,8.4375,3.3125,9.0625],"tintindex":0,"rotation":0,"texture":"#0"},"up":{"uv":[9.25,14.375,8.9375,14.0625],"tintindex":0,"rotation":0,"texture":"#0"},"down":{"uv":[14.375,9.25,14.0625,9.5625],"tintindex":0,"rotation":0,"texture":"#0"}}},{"from":[13.112495,5.953124,14.553125],"to":[17.112495,9.953125,17.053125],"faces":{"east":{"uv":[13.625,11.5,13.9375,12.0],"tintindex":0,"rotation":0,"texture":"#0"},"south":{"uv":[12.625,12.75,13.125,13.25],"tintindex":0,"rotation":0,"texture":"#0"},"north":{"uv":[12.625,12.75,13.125,13.25],"tintindex":0,"rotation":0,"texture":"#0"},"west":{"uv":[11.75,13.625,12.0625,14.125],"tintindex":0,"rotation":0,"texture":"#0"},"up":{"uv":[13.9375,12.5,13.625,12.0],"tintindex":0,"rotation":90,"texture":"#0"},"down":{"uv":[12.375,13.625,12.0625,14.125],"tintindex":0,"rotation":270,"texture":"#0"}}},{"from":[13.112495,5.953124,-1.4468746],"to":[17.112495,9.953125,1.0531254],"faces":{"east":{"uv":[13.9375,11.5,13.625,12.0],"tintindex":0,"rotation":0,"texture":"#0"},"south":{"uv":[13.125,12.75,12.625,13.25],"tintindex":0,"rotation":0,"texture":"#0"},"north":{"uv":[13.125,12.75,12.625,13.25],"tintindex":0,"rotation":0,"texture":"#0"},"west":{"uv":[12.0625,13.625,11.75,14.125],"tintindex":0,"rotation":0,"texture":"#0"},"up":{"uv":[13.625,12.5,13.9375,12.0],"tintindex":0,"rotation":90,"texture":"#0"},"down":{"uv":[12.0625,13.625,12.375,14.125],"tintindex":0,"rotation":270,"texture":"#0"}}},{"from":[14.478523,2.7286873,3.4531255],"to":[27.478523,12.228687,3.7031255],"faces":{"south":{"uv":[3.375,2.9375,5.0,4.125],"tintindex":0,"rotation":0,"texture":"#0"},"north":{"uv":[5.0,2.9375,3.375,4.125],"tintindex":0,"rotation":0,"texture":"#0"}},"rotation":{"origin":[16.262459,5.1262846,7.8031254],"angle":45.0,"axis":"z"}},{"from":[13.547165,0.31970882,7.953125],"to":[26.547165,9.81971,8.203125],"faces":{"south":{"uv":[3.375,4.125,5.0,2.9375],"tintindex":0,"rotation":0,"texture":"#0"},"north":{"uv":[5.0,4.125,3.375,2.9375],"tintindex":0,"rotation":0,"texture":"#0"}},"rotation":{"origin":[16.262459,5.1262846,7.8031254],"angle":-22.5,"axis":"z"}},{"from":[13.3125,2.2531242,6.328125],"to":[16.8125,5.253124,9.828125],"faces":{"east":{"uv":[1.375,8.0625,1.75,8.5],"tintindex":0,"rotation":270,"texture":"#0"},"south":{"uv":[3.75,8.5625,3.3125,8.1875],"tintindex":0,"rotation":0,"texture":"#0"},"north":{"uv":[3.75,8.1875,3.3125,8.5625],"tintindex":0,"rotation":180,"texture":"#0"},"west":{"uv":[1.375,8.0625,1.75,8.5],"tintindex":0,"rotation":90,"texture":"#0"},"up":{"uv":[13.3125,2.875,13.75,3.3125],"tintindex":0,"rotation":180,"texture":"#0"},"down":{"uv":[13.3125,2.875,13.75,3.3125],"tintindex":0,"rotation":0,"texture":"#0"}}}],"display":{"gui":{"rotation":[-150.0,-45.0,180.0]}}}