{"textures":{"0":"modelengine:entity/ce87828b-e79e-3451-ba37-df2252904e58","particle":"#0"},"elements":[{"from":[10.75,7.25,7.25],"to":[13.0,8.75,8.75],"faces":{"east":{"uv":[13.6875,4.125,14.0625,4.5],"tintindex":0,"rotation":0,"texture":"#0"},"south":{"uv":[13.5,8.0625,12.9375,8.4375],"tintindex":0,"rotation":0,"texture":"#0"},"north":{"uv":[12.9375,8.0625,13.5,8.4375],"tintindex":0,"rotation":0,"texture":"#0"},"west":{"uv":[13.6875,8.8125,14.0625,9.1875],"tintindex":0,"rotation":0,"texture":"#0"},"up":{"uv":[13.5,8.4375,12.9375,8.0625],"tintindex":0,"rotation":0,"texture":"#0"},"down":{"uv":[13.5,8.4375,12.9375,8.0625],"tintindex":0,"rotation":0,"texture":"#0"}}},{"from":[10.75,7.25,-14.0],"to":[13.0,8.75,-12.5],"faces":{"east":{"uv":[13.6875,4.125,14.0625,4.5],"tintindex":0,"rotation":0,"texture":"#0"},"south":{"uv":[13.5,8.0625,12.9375,8.4375],"tintindex":0,"rotation":0,"texture":"#0"},"north":{"uv":[12.9375,8.0625,13.5,8.4375],"tintindex":0,"rotation":0,"texture":"#0"},"west":{"uv":[13.6875,8.8125,14.0625,9.1875],"tintindex":0,"rotation":0,"texture":"#0"},"up":{"uv":[13.5,8.4375,12.9375,8.0625],"tintindex":0,"rotation":0,"texture":"#0"},"down":{"uv":[13.5,8.4375,12.9375,8.0625],"tintindex":0,"rotation":0,"texture":"#0"}}},{"from":[13.0,-0.51301,-11.13801],"to":[14.25,1.4869905,-9.13801],"faces":{"east":{"uv":[12.625,12.75,13.125,13.25],"tintindex":0,"rotation":0,"texture":"#0"},"south":{"uv":[11.75,13.625,12.0625,14.125],"tintindex":0,"rotation":0,"texture":"#0"},"north":{"uv":[13.625,11.5,13.9375,12.0],"tintindex":0,"rotation":0,"texture":"#0"},"west":{"uv":[12.625,12.75,13.125,13.25],"tintindex":0,"rotation":0,"texture":"#0"},"up":{"uv":[13.9375,12.5,13.625,12.0],"tintindex":0,"rotation":0,"texture":"#0"},"down":{"uv":[12.375,13.625,12.0625,14.125],"tintindex":0,"rotation":0,"texture":"#0"}},"rotation":{"origin":[8.0,8.0,-2.625],"angle":45.0,"axis":"x"}},{"from":[10.509499,3.757595,-5.75],"to":[13.509499,6.257595,-5.7250004],"faces":{"south":{"uv":[7.25,6.625,6.5,6.0],"tintindex":0,"rotation":0,"texture":"#0"},"north":{"uv":[7.25,6.0,6.5,6.625],"tintindex":0,"rotation":180,"texture":"#0"},"down":{"uv":[16.0,0.0,15.875,0.25],"tintindex":0,"rotation":0,"texture":"#0"}}},{"from":[1.2655015,9.742405,0.5],"to":[4.2655015,12.242405,0.5249996],"faces":{"south":{"uv":[6.5,6.0,7.25,6.625],"tintindex":0,"rotation":0,"texture":"#0"},"north":{"uv":[6.5,6.625,7.25,6.0],"tintindex":0,"rotation":180,"texture":"#0"},"up":{"uv":[15.875,0.25,16.0,0.0],"tintindex":0,"rotation":0,"texture":"#0"}}},{"from":[11.734499,3.757595,-4.75],"to":[14.734499,6.257595,-4.7250004],"faces":{"south":{"uv":[7.25,6.625,6.5,6.0],"tintindex":0,"rotation":0,"texture":"#0"},"north":{"uv":[7.25,6.0,6.5,6.625],"tintindex":0,"rotation":180,"texture":"#0"},"down":{"uv":[16.0,0.0,15.875,0.25],"tintindex":0,"rotation":0,"texture":"#0"}}},{"from":[3.0,7.25,7.25],"to":[5.25,8.75,8.75],"faces":{"east":{"uv":[14.0625,8.8125,13.6875,9.1875],"tintindex":0,"rotation":0,"texture":"#0"},"south":{"uv":[12.9375,8.0625,13.5,8.4375],"tintindex":0,"rotation":0,"texture":"#0"},"north":{"uv":[13.5,8.0625,12.9375,8.4375],"tintindex":0,"rotation":0,"texture":"#0"},"west":{"uv":[14.0625,4.125,13.6875,4.5],"tintindex":0,"rotation":0,"texture":"#0"},"up":{"uv":[12.9375,8.4375,13.5,8.0625],"tintindex":0,"rotation":0,"texture":"#0"},"down":{"uv":[12.9375,8.4375,13.5,8.0625],"tintindex":0,"rotation":0,"texture":"#0"}}},{"from":[1.75,-0.51301,-11.13801],"to":[3.0,1.4869905,-9.13801],"faces":{"east":{"uv":[13.125,12.75,12.625,13.25],"tintindex":0,"rotation":0,"texture":"#0"},"south":{"uv":[12.0625,13.625,11.75,14.125],"tintindex":0,"rotation":0,"texture":"#0"},"north":{"uv":[13.9375,11.5,13.625,12.0],"tintindex":0,"rotation":0,"texture":"#0"},"west":{"uv":[13.125,12.75,12.625,13.25],"tintindex":0,"rotation":0,"texture":"#0"},"up":{"uv":[13.625,12.5,13.9375,12.0],"tintindex":0,"rotation":0,"texture":"#0"},"down":{"uv":[12.0625,13.625,12.375,14.125],"tintindex":0,"rotation":0,"texture":"#0"}},"rotation":{"origin":[8.0,8.0,-2.625],"angle":45.0,"axis":"x"}},{"from":[11.75,-0.54040146,-1.2968884],"to":[11.775,6.2095985,6.4531136],"faces":{"east":{"uv":[16.0,0.375,14.3125,2.3125],"tintindex":0,"rotation":270,"texture":"#0"},"west":{"uv":[16.0,2.3125,14.3125,0.375],"tintindex":0,"rotation":270,"texture":"#0"}},"rotation":{"origin":[8.0,8.0,-2.625],"angle":-22.5,"axis":"x"}},{"from":[5.25,7.0,-14.25],"to":[10.75,9.0,-12.25],"faces":{"east":{"uv":[7.3125,12.5625,7.8125,13.0625],"tintindex":0,"rotation":0,"texture":"#0"},"south":{"uv":[10.5625,2.9375,11.9375,3.4375],"tintindex":0,"rotation":0,"texture":"#0"},"north":{"uv":[10.5625,2.9375,11.9375,3.4375],"tintindex":0,"rotation":0,"texture":"#0"},"west":{"uv":[12.5625,10.4375,13.0625,10.9375],"tintindex":0,"rotation":0,"texture":"#0"},"up":{"uv":[11.9375,3.4375,10.5625,2.9375],"tintindex":0,"rotation":0,"texture":"#0"},"down":{"uv":[11.9375,2.9375,10.5625,3.4375],"tintindex":0,"rotation":0,"texture":"#0"}}},{"from":[3.5,6.75,-14.5],"to":[5.0,9.25,-9.5],"faces":{"east":{"uv":[8.625,9.625,9.875,10.25],"tintindex":0,"rotation":0,"texture":"#0"},"south":{"uv":[3.9375,8.3125,4.3125,8.9375],"tintindex":0,"rotation":0,"texture":"#0"},"north":{"uv":[4.3125,8.3125,3.9375,8.9375],"tintindex":0,"rotation":0,"texture":"#0"},"west":{"uv":[9.875,9.625,8.625,10.25],"tintindex":0,"rotation":0,"texture":"#0"},"up":{"uv":[0.9375,8.5,1.3125,7.25],"tintindex":0,"rotation":0,"texture":"#0"},"down":{"uv":[0.9375,7.25,1.3125,8.5],"tintindex":0,"rotation":0,"texture":"#0"}}},{"from":[11.0,6.75,-14.5],"to":[12.5,9.25,-9.5],"faces":{"east":{"uv":[8.625,9.625,9.875,10.25],"tintindex":0,"rotation":0,"texture":"#0"},"south":{"uv":[4.3125,8.3125,3.9375,8.9375],"tintindex":0,"rotation":0,"texture":"#0"},"north":{"uv":[3.9375,8.3125,4.3125,8.9375],"tintindex":0,"rotation":0,"texture":"#0"},"west":{"uv":[9.875,9.625,8.625,10.25],"tintindex":0,"rotation":0,"texture":"#0"},"up":{"uv":[1.3125,8.5,0.9375,7.25],"tintindex":0,"rotation":0,"texture":"#0"},"down":{"uv":[1.3125,7.25,0.9375,8.5],"tintindex":0,"rotation":0,"texture":"#0"}}},{"from":[10.5,6.25,-9.5],"to":[12.75,9.75,4.25],"faces":{"east":{"uv":[2.25,0.0,5.6875,0.875],"tintindex":0,"rotation":0,"texture":"#0"},"south":{"uv":[0.375,6.125,0.9375,7.0],"tintindex":0,"rotation":0,"texture":"#0"},"north":{"uv":[0.9375,6.125,0.375,7.0],"tintindex":0,"rotation":0,"texture":"#0"},"west":{"uv":[5.6875,0.0,2.25,0.875],"tintindex":0,"rotation":0,"texture":"#0"},"up":{"uv":[2.8125,5.1875,2.25,1.75],"tintindex":0,"rotation":0,"texture":"#0"},"down":{"uv":[2.8125,1.75,2.25,5.1875],"tintindex":0,"rotation":0,"texture":"#0"}}},{"from":[3.25,6.25,-9.5],"to":[5.5,9.75,4.25],"faces":{"east":{"uv":[2.25,0.0,5.6875,0.875],"tintindex":0,"rotation":0,"texture":"#0"},"south":{"uv":[0.9375,6.125,0.375,7.0],"tintindex":0,"rotation":0,"texture":"#0"},"north":{"uv":[0.375,6.125,0.9375,7.0],"tintindex":0,"rotation":0,"texture":"#0"},"west":{"uv":[5.6875,0.0,2.25,0.875],"tintindex":0,"rotation":0,"texture":"#0"},"up":{"uv":[2.25,5.1875,2.8125,1.75],"tintindex":0,"rotation":0,"texture":"#0"},"down":{"uv":[2.25,1.75,2.8125,5.1875],"tintindex":0,"rotation":0,"texture":"#0"}}},{"from":[13.0,14.51301,3.888008],"to":[14.25,16.51301,5.888008],"faces":{"east":{"uv":[12.625,12.75,13.125,13.25],"tintindex":0,"rotation":0,"texture":"#0"},"south":{"uv":[11.75,13.625,12.0625,14.125],"tintindex":0,"rotation":0,"texture":"#0"},"north":{"uv":[13.625,11.5,13.9375,12.0],"tintindex":0,"rotation":0,"texture":"#0"},"west":{"uv":[12.625,12.75,13.125,13.25],"tintindex":0,"rotation":0,"texture":"#0"},"up":{"uv":[13.9375,12.5,13.625,12.0],"tintindex":0,"rotation":0,"texture":"#0"},"down":{"uv":[12.375,13.625,12.0625,14.125],"tintindex":0,"rotation":0,"texture":"#0"}},"rotation":{"origin":[8.0,8.0,-2.625],"angle":45.0,"axis":"x"}},{"from":[1.75,14.51301,3.888008],"to":[3.0,16.51301,5.888008],"faces":{"east":{"uv":[13.125,12.75,12.625,13.25],"tintindex":0,"rotation":0,"texture":"#0"},"south":{"uv":[12.0625,13.625,11.75,14.125],"tintindex":0,"rotation":0,"texture":"#0"},"north":{"uv":[13.9375,11.5,13.625,12.0],"tintindex":0,"rotation":0,"texture":"#0"},"west":{"uv":[13.125,12.75,12.625,13.25],"tintindex":0,"rotation":0,"texture":"#0"},"up":{"uv":[13.625,12.5,13.9375,12.0],"tintindex":0,"rotation":0,"texture":"#0"},"down":{"uv":[12.0625,13.625,12.375,14.125],"tintindex":0,"rotation":0,"texture":"#0"}},"rotation":{"origin":[8.0,8.0,-2.625],"angle":45.0,"axis":"x"}},{"from":[2.4327898,2.672049,0.0],"to":[5.43279,5.172049,0.024999619],"faces":{"south":{"uv":[7.25,6.625,8.0,6.0],"tintindex":0,"rotation":0,"texture":"#0"},"north":{"uv":[7.25,6.0,8.0,6.625],"tintindex":0,"rotation":180,"texture":"#0"},"up":{"uv":[15.875,0.25,16.0,0.0],"tintindex":0,"rotation":0,"texture":"#0"}},"rotation":{"origin":[8.0,8.0,-2.625],"angle":-45.0,"axis":"z"}},{"from":[11.734499,9.742405,-4.75],"to":[14.734499,12.242405,-4.7250004],"faces":{"south":{"uv":[7.25,6.0,6.5,6.625],"tintindex":0,"rotation":0,"texture":"#0"},"north":{"uv":[7.25,6.625,6.5,6.0],"tintindex":0,"rotation":180,"texture":"#0"},"up":{"uv":[16.0,0.25,15.875,0.0],"tintindex":0,"rotation":0,"texture":"#0"}}},{"from":[10.509499,9.742405,-5.75],"to":[13.509499,12.242405,-5.7250004],"faces":{"south":{"uv":[7.25,6.0,6.5,6.625],"tintindex":0,"rotation":0,"texture":"#0"},"north":{"uv":[7.25,6.625,6.5,6.0],"tintindex":0,"rotation":180,"texture":"#0"},"up":{"uv":[16.0,0.25,15.875,0.0],"tintindex":0,"rotation":0,"texture":"#0"}}},{"from":[2.4905014,9.742405,-0.5],"to":[5.4905014,12.242405,-0.47500038],"faces":{"south":{"uv":[6.5,6.0,7.25,6.625],"tintindex":0,"rotation":0,"texture":"#0"},"north":{"uv":[6.5,6.625,7.25,6.0],"tintindex":0,"rotation":180,"texture":"#0"},"up":{"uv":[15.875,0.25,16.0,0.0],"tintindex":0,"rotation":0,"texture":"#0"}}},{"from":[2.4327898,2.672049,-5.25],"to":[5.43279,5.172049,-5.2250004],"faces":{"south":{"uv":[7.25,6.625,8.0,6.0],"tintindex":0,"rotation":0,"texture":"#0"},"north":{"uv":[7.25,6.0,8.0,6.625],"tintindex":0,"rotation":180,"texture":"#0"},"up":{"uv":[15.875,0.25,16.0,0.0],"tintindex":0,"rotation":0,"texture":"#0"}},"rotation":{"origin":[8.0,8.0,-2.625],"angle":-45.0,"axis":"z"}},{"from":[2.4905014,3.757595,-0.5],"to":[5.4905014,6.257595,-0.47500038],"faces":{"south":{"uv":[6.5,6.625,7.25,6.0],"tintindex":0,"rotation":0,"texture":"#0"},"north":{"uv":[6.5,6.0,7.25,6.625],"tintindex":0,"rotation":180,"texture":"#0"},"down":{"uv":[15.875,0.0,16.0,0.25],"tintindex":0,"rotation":0,"texture":"#0"}}},{"from":[1.2655015,3.757595,0.5],"to":[4.2655015,6.257595,0.5249996],"faces":{"south":{"uv":[6.5,6.625,7.25,6.0],"tintindex":0,"rotation":0,"texture":"#0"},"north":{"uv":[6.5,6.0,7.25,6.625],"tintindex":0,"rotation":180,"texture":"#0"},"down":{"uv":[15.875,0.0,16.0,0.25],"tintindex":0,"rotation":0,"texture":"#0"}}},{"from":[3.5,6.75,4.25],"to":[5.0,9.25,9.25],"faces":{"east":{"uv":[9.875,9.625,8.625,10.25],"tintindex":0,"rotation":0,"texture":"#0"},"south":{"uv":[3.9375,8.3125,4.3125,8.9375],"tintindex":0,"rotation":0,"texture":"#0"},"north":{"uv":[4.3125,8.3125,3.9375,8.9375],"tintindex":0,"rotation":0,"texture":"#0"},"west":{"uv":[8.625,9.625,9.875,10.25],"tintindex":0,"rotation":0,"texture":"#0"},"up":{"uv":[0.9375,7.25,1.3125,8.5],"tintindex":0,"rotation":0,"texture":"#0"},"down":{"uv":[0.9375,8.5,1.3125,7.25],"tintindex":0,"rotation":0,"texture":"#0"}}},{"from":[2.4905014,3.757595,-5.75],"to":[5.4905014,6.257595,-5.7250004],"faces":{"south":{"uv":[6.5,6.625,7.25,6.0],"tintindex":0,"rotation":0,"texture":"#0"},"north":{"uv":[6.5,6.0,7.25,6.625],"tintindex":0,"rotation":180,"texture":"#0"},"down":{"uv":[15.875,0.0,16.0,0.25],"tintindex":0,"rotation":0,"texture":"#0"}}},{"from":[3.0,7.25,-14.0],"to":[5.25,8.75,-12.5],"faces":{"east":{"uv":[14.0625,8.8125,13.6875,9.1875],"tintindex":0,"rotation":0,"texture":"#0"},"south":{"uv":[12.9375,8.0625,13.5,8.4375],"tintindex":0,"rotation":0,"texture":"#0"},"north":{"uv":[13.5,8.0625,12.9375,8.4375],"tintindex":0,"rotation":0,"texture":"#0"},"west":{"uv":[14.0625,4.125,13.6875,4.5],"tintindex":0,"rotation":0,"texture":"#0"},"up":{"uv":[12.9375,8.4375,13.5,8.0625],"tintindex":0,"rotation":0,"texture":"#0"},"down":{"uv":[12.9375,8.4375,13.5,8.0625],"tintindex":0,"rotation":0,"texture":"#0"}}},{"from":[2.4905014,9.742405,-5.75],"to":[5.4905014,12.242405,-5.7250004],"faces":{"south":{"uv":[6.5,6.0,7.25,6.625],"tintindex":0,"rotation":0,"texture":"#0"},"north":{"uv":[6.5,6.625,7.25,6.0],"tintindex":0,"rotation":180,"texture":"#0"},"up":{"uv":[15.875,0.25,16.0,0.0],"tintindex":0,"rotation":0,"texture":"#0"}}},{"from":[11.734499,9.742405,0.5],"to":[14.734499,12.242405,0.5249996],"faces":{"south":{"uv":[7.25,6.0,6.5,6.625],"tintindex":0,"rotation":0,"texture":"#0"},"north":{"uv":[7.25,6.625,6.5,6.0],"tintindex":0,"rotation":180,"texture":"#0"},"up":{"uv":[16.0,0.25,15.875,0.0],"tintindex":0,"rotation":0,"texture":"#0"}}},{"from":[1.2655015,3.757595,-4.75],"to":[4.2655015,6.257595,-4.7250004],"faces":{"south":{"uv":[6.5,6.625,7.25,6.0],"tintindex":0,"rotation":0,"texture":"#0"},"north":{"uv":[6.5,6.0,7.25,6.625],"tintindex":0,"rotation":180,"texture":"#0"},"down":{"uv":[15.875,0.0,16.0,0.25],"tintindex":0,"rotation":0,"texture":"#0"}}},{"from":[11.734499,3.757595,0.5],"to":[14.734499,6.257595,0.5249996],"faces":{"south":{"uv":[7.25,6.625,6.5,6.0],"tintindex":0,"rotation":0,"texture":"#0"},"north":{"uv":[7.25,6.0,6.5,6.625],"tintindex":0,"rotation":180,"texture":"#0"},"down":{"uv":[16.0,0.0,15.875,0.25],"tintindex":0,"rotation":0,"texture":"#0"}}},{"from":[10.56721,2.672049,-5.25],"to":[13.56721,5.172049,-5.2250004],"faces":{"south":{"uv":[8.0,6.625,7.25,6.0],"tintindex":0,"rotation":0,"texture":"#0"},"north":{"uv":[8.0,6.0,7.25,6.625],"tintindex":0,"rotation":180,"texture":"#0"},"up":{"uv":[16.0,0.25,15.875,0.0],"tintindex":0,"rotation":0,"texture":"#0"}},"rotation":{"origin":[8.0,8.0,-2.625],"angle":45.0,"axis":"z"}},{"from":[10.56721,2.672049,0.0],"to":[13.56721,5.172049,0.024999619],"faces":{"south":{"uv":[8.0,6.625,7.25,6.0],"tintindex":0,"rotation":0,"texture":"#0"},"north":{"uv":[8.0,6.0,7.25,6.625],"tintindex":0,"rotation":180,"texture":"#0"},"up":{"uv":[16.0,0.25,15.875,0.0],"tintindex":0,"rotation":0,"texture":"#0"}},"rotation":{"origin":[8.0,8.0,-2.625],"angle":45.0,"axis":"z"}},{"from":[10.509499,9.742405,-0.5],"to":[13.509499,12.242405,-0.47500038],"faces":{"south":{"uv":[7.25,6.0,6.5,6.625],"tintindex":0,"rotation":0,"texture":"#0"},"north":{"uv":[7.25,6.625,6.5,6.0],"tintindex":0,"rotation":180,"texture":"#0"},"up":{"uv":[16.0,0.25,15.875,0.0],"tintindex":0,"rotation":0,"texture":"#0"}}},{"from":[5.25,7.0,7.0],"to":[10.75,9.0,9.0],"faces":{"east":{"uv":[7.3125,12.5625,7.8125,13.0625],"tintindex":0,"rotation":0,"texture":"#0"},"south":{"uv":[10.5625,2.9375,11.9375,3.4375],"tintindex":0,"rotation":0,"texture":"#0"},"north":{"uv":[10.5625,2.9375,11.9375,3.4375],"tintindex":0,"rotation":0,"texture":"#0"},"west":{"uv":[12.5625,10.4375,13.0625,10.9375],"tintindex":0,"rotation":0,"texture":"#0"},"up":{"uv":[11.9375,3.4375,10.5625,2.9375],"tintindex":0,"rotation":0,"texture":"#0"},"down":{"uv":[11.9375,2.9375,10.5625,3.4375],"tintindex":0,"rotation":0,"texture":"#0"}}},{"from":[11.0,6.75,4.25],"to":[12.5,9.25,9.25],"faces":{"east":{"uv":[9.875,9.625,8.625,10.25],"tintindex":0,"rotation":0,"texture":"#0"},"south":{"uv":[4.3125,8.3125,3.9375,8.9375],"tintindex":0,"rotation":0,"texture":"#0"},"north":{"uv":[3.9375,8.3125,4.3125,8.9375],"tintindex":0,"rotation":0,"texture":"#0"},"west":{"uv":[8.625,9.625,9.875,10.25],"tintindex":0,"rotation":0,"texture":"#0"},"up":{"uv":[1.3125,7.25,0.9375,8.5],"tintindex":0,"rotation":0,"texture":"#0"},"down":{"uv":[1.3125,8.5,0.9375,7.25],"tintindex":0,"rotation":0,"texture":"#0"}}},{"from":[4.225,-0.54040146,-1.2968884],"to":[4.25,6.2095985,6.4531136],"faces":{"east":{"uv":[16.0,0.375,14.3125,2.3125],"tintindex":0,"rotation":270,"texture":"#0"},"west":{"uv":[16.0,2.3125,14.3125,0.375],"tintindex":0,"rotation":270,"texture":"#0"}},"rotation":{"origin":[8.0,8.0,-2.625],"angle":-22.5,"axis":"x"}},{"from":[10.509499,3.757595,-0.5],"to":[13.509499,6.257595,-0.47500038],"faces":{"south":{"uv":[7.25,6.625,6.5,6.0],"tintindex":0,"rotation":0,"texture":"#0"},"north":{"uv":[7.25,6.0,6.5,6.625],"tintindex":0,"rotation":180,"texture":"#0"},"down":{"uv":[16.0,0.0,15.875,0.25],"tintindex":0,"rotation":0,"texture":"#0"}}},{"from":[1.2655015,9.742405,-4.75],"to":[4.2655015,12.242405,-4.7250004],"faces":{"south":{"uv":[6.5,6.0,7.25,6.625],"tintindex":0,"rotation":0,"texture":"#0"},"north":{"uv":[6.5,6.625,7.25,6.0],"tintindex":0,"rotation":180,"texture":"#0"},"up":{"uv":[15.875,0.25,16.0,0.0],"tintindex":0,"rotation":0,"texture":"#0"}}}],"display":{"gui":{"rotation":[-150.0,-45.0,180.0]}}}