{"textures":{"0":"modelengine:entity/ce87828b-e79e-3451-ba37-df2252904e58","particle":"#0"},"elements":[{"from":[10.8297415,3.4499998,1.8914604],"to":[17.829742,11.450001,8.89146],"faces":{"east":{"uv":[7.75,9.125,8.625,10.125],"tintindex":0,"rotation":0,"texture":"#0"},"south":{"uv":[7.75,9.125,8.625,10.125],"tintindex":0,"rotation":0,"texture":"#0"},"north":{"uv":[7.75,9.125,8.625,10.125],"tintindex":0,"rotation":0,"texture":"#0"},"west":{"uv":[7.75,9.125,8.625,10.125],"tintindex":0,"rotation":0,"texture":"#0"},"up":{"uv":[9.125,11.125,8.25,10.25],"tintindex":0,"rotation":0,"texture":"#0"},"down":{"uv":[9.125,10.25,8.25,11.125],"tintindex":0,"rotation":0,"texture":"#0"}},"rotation":{"origin":[7.91978,8.0,-1.1550541],"angle":-45.0,"axis":"y"}},{"from":[6.5,10.5,-11.816666],"to":[9.5,15.0,-8.816666],"faces":{"east":{"uv":[11.625,13.0,12.0,13.5625],"tintindex":0,"rotation":0,"texture":"#0"},"south":{"uv":[11.625,13.0,12.0,13.5625],"tintindex":0,"rotation":0,"texture":"#0"},"north":{"uv":[11.625,13.0,12.0,13.5625],"tintindex":0,"rotation":0,"texture":"#0"},"west":{"uv":[11.625,13.0,12.0,13.5625],"tintindex":0,"rotation":0,"texture":"#0"},"up":{"uv":[14.125,2.9375,13.75,2.5625],"tintindex":0,"rotation":0,"texture":"#0"},"down":{"uv":[14.125,2.5625,13.75,2.9375],"tintindex":0,"rotation":0,"texture":"#0"}}},{"from":[5.5,6.0,-3.3166656],"to":[10.5,10.0,6.1833344],"faces":{"east":{"uv":[12.25,1.3125,11.0625,1.8125],"tintindex":0,"rotation":0,"texture":"#0"},"south":{"uv":[9.375,6.0625,10.0,6.5625],"tintindex":0,"rotation":0,"texture":"#0"},"north":{"uv":[9.375,6.0625,10.0,6.5625],"tintindex":0,"rotation":0,"texture":"#0"},"west":{"uv":[11.0625,1.3125,12.25,1.8125],"tintindex":0,"rotation":0,"texture":"#0"},"up":{"uv":[1.9375,3.4375,1.3125,2.25],"tintindex":0,"rotation":0,"texture":"#0"},"down":{"uv":[1.9375,2.25,1.3125,3.4375],"tintindex":0,"rotation":0,"texture":"#0"}}},{"from":[6.5,1.0,-11.816666],"to":[9.5,5.5,-8.816666],"faces":{"east":{"uv":[11.625,13.0,12.0,13.5625],"tintindex":0,"rotation":0,"texture":"#0"},"south":{"uv":[11.625,13.0,12.0,13.5625],"tintindex":0,"rotation":0,"texture":"#0"},"north":{"uv":[11.625,13.0,12.0,13.5625],"tintindex":0,"rotation":0,"texture":"#0"},"west":{"uv":[11.625,13.0,12.0,13.5625],"tintindex":0,"rotation":0,"texture":"#0"},"up":{"uv":[14.125,2.9375,13.75,2.5625],"tintindex":0,"rotation":0,"texture":"#0"},"down":{"uv":[14.125,2.5625,13.75,2.9375],"tintindex":0,"rotation":0,"texture":"#0"}}},{"from":[5.5,11.0,-12.816666],"to":[10.5,13.5,3.1833344],"faces":{"east":{"uv":[13.0,5.625,11.0,5.9375],"tintindex":0,"rotation":0,"texture":"#0"},"south":{"uv":[13.125,4.625,13.75,4.9375],"tintindex":0,"rotation":0,"texture":"#0"},"north":{"uv":[13.75,4.625,13.125,4.9375],"tintindex":0,"rotation":0,"texture":"#0"},"west":{"uv":[11.0,5.625,13.0,5.9375],"tintindex":0,"rotation":0,"texture":"#0"},"up":{"uv":[4.625,8.3125,4.0,6.3125],"tintindex":0,"rotation":0,"texture":"#0"},"down":{"uv":[4.625,6.3125,4.0,8.3125],"tintindex":0,"rotation":0,"texture":"#0"}}},{"from":[5.370906,-4.0,-2.4696293],"to":[9.370906,-1.5,1.5303707],"faces":{"east":{"uv":[12.375,13.625,12.0625,14.125],"tintindex":0,"rotation":270,"texture":"#0"},"south":{"uv":[11.75,13.625,12.0625,14.125],"tintindex":0,"rotation":270,"texture":"#0"},"north":{"uv":[13.625,11.5,13.9375,12.0],"tintindex":0,"rotation":90,"texture":"#0"},"west":{"uv":[13.9375,12.5,13.625,12.0],"tintindex":0,"rotation":270,"texture":"#0"},"up":{"uv":[12.625,12.75,13.125,13.25],"tintindex":0,"rotation":270,"texture":"#0"},"down":{"uv":[12.625,12.75,13.125,13.25],"tintindex":0,"rotation":270,"texture":"#0"}},"rotation":{"origin":[7.91978,8.0,-1.1550541],"angle":45.0,"axis":"y"}},{"from":[6.0,5.5,-12.316666],"to":[10.0,10.5,-8.316666],"faces":{"east":{"uv":[12.0,3.6875,12.5,4.3125],"tintindex":0,"rotation":0,"texture":"#0"},"south":{"uv":[12.0,3.6875,12.5,4.3125],"tintindex":0,"rotation":0,"texture":"#0"},"north":{"uv":[12.0,3.6875,12.5,4.3125],"tintindex":0,"rotation":0,"texture":"#0"},"west":{"uv":[12.0,3.6875,12.5,4.3125],"tintindex":0,"rotation":0,"texture":"#0"},"up":{"uv":[11.0625,12.75,11.0,12.6875],"tintindex":0,"rotation":0,"texture":"#0"},"down":{"uv":[11.0625,12.6875,11.0,12.75],"tintindex":0,"rotation":0,"texture":"#0"}}},{"from":[6.0,1.0,-2.3166656],"to":[10.0,15.0,1.6833344],"faces":{"east":{"uv":[6.375,9.125,6.875,10.875],"tintindex":0,"rotation":0,"texture":"#0"},"south":{"uv":[6.375,9.125,6.875,10.875],"tintindex":0,"rotation":0,"texture":"#0"},"north":{"uv":[6.375,9.125,6.875,10.875],"tintindex":0,"rotation":0,"texture":"#0"},"west":{"uv":[6.375,9.125,6.875,10.875],"tintindex":0,"rotation":0,"texture":"#0"},"up":{"uv":[13.1875,12.25,12.6875,11.75],"tintindex":0,"rotation":0,"texture":"#0"},"down":{"uv":[12.625,12.6875,12.125,13.1875],"tintindex":0,"rotation":0,"texture":"#0"}}},{"from":[5.370906,17.5,-2.4696293],"to":[9.370906,20.0,1.5303707],"faces":{"east":{"uv":[12.375,13.625,12.0625,14.125],"tintindex":0,"rotation":270,"texture":"#0"},"south":{"uv":[11.75,13.625,12.0625,14.125],"tintindex":0,"rotation":270,"texture":"#0"},"north":{"uv":[13.625,11.5,13.9375,12.0],"tintindex":0,"rotation":90,"texture":"#0"},"west":{"uv":[13.9375,12.5,13.625,12.0],"tintindex":0,"rotation":270,"texture":"#0"},"up":{"uv":[12.625,12.75,13.125,13.25],"tintindex":0,"rotation":270,"texture":"#0"},"down":{"uv":[12.625,12.75,13.125,13.25],"tintindex":0,"rotation":270,"texture":"#0"}},"rotation":{"origin":[7.91978,8.0,-1.1550541],"angle":45.0,"axis":"y"}},{"from":[5.5,2.5,-12.816666],"to":[10.5,5.0,3.1833344],"faces":{"east":{"uv":[13.0,5.625,11.0,5.9375],"tintindex":0,"rotation":0,"texture":"#0"},"south":{"uv":[13.125,4.625,13.75,4.9375],"tintindex":0,"rotation":0,"texture":"#0"},"north":{"uv":[13.75,4.625,13.125,4.9375],"tintindex":0,"rotation":0,"texture":"#0"},"west":{"uv":[11.0,5.625,13.0,5.9375],"tintindex":0,"rotation":0,"texture":"#0"},"up":{"uv":[4.625,8.3125,4.0,6.3125],"tintindex":0,"rotation":0,"texture":"#0"},"down":{"uv":[4.625,6.3125,4.0,8.3125],"tintindex":0,"rotation":0,"texture":"#0"}}},{"from":[6.5,15.0,-1.8166656],"to":[9.5,17.5,1.1833344],"faces":{"east":{"uv":[13.9375,7.4375,14.3125,7.75],"tintindex":0,"rotation":0,"texture":"#0"},"south":{"uv":[13.9375,7.4375,14.3125,7.75],"tintindex":0,"rotation":0,"texture":"#0"},"north":{"uv":[13.9375,7.4375,14.3125,7.75],"tintindex":0,"rotation":0,"texture":"#0"},"west":{"uv":[13.9375,7.4375,14.3125,7.75],"tintindex":0,"rotation":0,"texture":"#0"},"up":{"uv":[7.9375,14.125,7.5625,13.75],"tintindex":0,"rotation":0,"texture":"#0"},"down":{"uv":[7.9375,13.75,7.5625,14.125],"tintindex":0,"rotation":0,"texture":"#0"}}},{"from":[6.5,-1.5,-1.8166656],"to":[9.5,1.0,1.1833344],"faces":{"east":{"uv":[13.9375,7.4375,14.3125,7.75],"tintindex":0,"rotation":0,"texture":"#0"},"south":{"uv":[13.9375,7.4375,14.3125,7.75],"tintindex":0,"rotation":0,"texture":"#0"},"north":{"uv":[13.9375,7.4375,14.3125,7.75],"tintindex":0,"rotation":0,"texture":"#0"},"west":{"uv":[13.9375,7.4375,14.3125,7.75],"tintindex":0,"rotation":0,"texture":"#0"},"up":{"uv":[7.9375,14.125,7.5625,13.75],"tintindex":0,"rotation":0,"texture":"#0"},"down":{"uv":[7.9375,13.75,7.5625,14.125],"tintindex":0,"rotation":0,"texture":"#0"}}}],"display":{"gui":{"rotation":[-150.0,-45.0,180.0]}}}