{"textures":{"0":"modelengine:entity/ce87828b-e79e-3451-ba37-df2252904e58","particle":"#0"},"elements":[{"from":[-14.0,7.0833335,9.0],"to":[6.0,9.083333,10.333334],"faces":{"east":{"uv":[13.875,3.875,14.3125,3.625],"tintindex":0,"rotation":90,"texture":"#0"},"south":{"uv":[7.0625,0.375,10.8125,0.0],"tintindex":0,"rotation":0,"texture":"#0"},"north":{"uv":[7.0625,0.0,10.8125,0.375],"tintindex":0,"rotation":180,"texture":"#0"},"west":{"uv":[14.3125,3.875,13.875,3.625],"tintindex":0,"rotation":270,"texture":"#0"},"up":{"uv":[12.125,6.5625,8.375,6.8125],"tintindex":0,"rotation":180,"texture":"#0"},"down":{"uv":[8.375,6.5625,12.125,6.8125],"tintindex":0,"rotation":0,"texture":"#0"}}},{"from":[6.9022903,7.2747517,7.1484504],"to":[6.935623,16.274754,23.481783],"faces":{"east":{"uv":[16.0,5.375,14.3125,2.3125],"tintindex":0,"rotation":90,"texture":"#0"},"west":{"uv":[16.0,2.3125,14.3125,5.375],"tintindex":0,"rotation":90,"texture":"#0"}},"rotation":{"origin":[5.0166674,7.1666665,6.6621847],"angle":22.5,"axis":"y"}},{"from":[-1.2959976,3.776793,9.483334],"to":[2.7040024,7.1101265,9.516667],"faces":{"south":{"uv":[6.5,6.625,7.25,6.0],"tintindex":0,"rotation":0,"texture":"#0"},"north":{"uv":[6.5,6.0,7.25,6.625],"tintindex":0,"rotation":180,"texture":"#0"},"down":{"uv":[15.875,0.0,16.0,0.25],"tintindex":0,"rotation":0,"texture":"#0"}}},{"from":[-13.666668,7.25,3.9666667],"to":[-12.0,8.916667,10.966667],"faces":{"east":{"uv":[6.5,12.9375,6.8125,11.625],"tintindex":0,"rotation":90,"texture":"#0"},"south":{"uv":[3.0,9.375,3.3125,9.0625],"tintindex":0,"rotation":0,"texture":"#0"},"north":{"uv":[3.0,9.0625,3.3125,9.375],"tintindex":0,"rotation":180,"texture":"#0"},"west":{"uv":[6.5,12.9375,6.8125,11.625],"tintindex":0,"rotation":270,"texture":"#0"},"up":{"uv":[6.8125,11.625,6.5,12.9375],"tintindex":0,"rotation":180,"texture":"#0"},"down":{"uv":[6.8125,11.625,6.5,12.9375],"tintindex":0,"rotation":0,"texture":"#0"}}},{"from":[-10.295998,9.0565405,5.15],"to":[-6.2959976,12.3898735,5.1833334],"faces":{"south":{"uv":[6.5,6.0,7.25,6.625],"tintindex":0,"rotation":0,"texture":"#0"},"north":{"uv":[6.5,6.625,7.25,6.0],"tintindex":0,"rotation":180,"texture":"#0"},"up":{"uv":[15.875,0.25,16.0,0.0],"tintindex":0,"rotation":0,"texture":"#0"}}},{"from":[7.097712,7.2747517,7.1484504],"to":[7.131045,16.274754,23.481783],"faces":{"east":{"uv":[16.0,5.375,14.3125,2.3125],"tintindex":0,"rotation":90,"texture":"#0"},"west":{"uv":[16.0,2.3125,14.3125,5.375],"tintindex":0,"rotation":90,"texture":"#0"}},"rotation":{"origin":[9.016667,7.1666665,6.6621847],"angle":-22.5,"axis":"y"}},{"from":[-2.6293316,9.0565405,5.15],"to":[1.3706689,12.3898735,5.1833334],"faces":{"south":{"uv":[6.5,6.0,7.25,6.625],"tintindex":0,"rotation":0,"texture":"#0"},"north":{"uv":[6.5,6.625,7.25,6.0],"tintindex":0,"rotation":180,"texture":"#0"},"up":{"uv":[15.875,0.25,16.0,0.0],"tintindex":0,"rotation":0,"texture":"#0"}}},{"from":[-2.6293316,3.776793,5.15],"to":[1.3706689,7.1101265,5.1833334],"faces":{"south":{"uv":[6.5,6.625,7.25,6.0],"tintindex":0,"rotation":0,"texture":"#0"},"north":{"uv":[6.5,6.0,7.25,6.625],"tintindex":0,"rotation":180,"texture":"#0"},"down":{"uv":[15.875,0.0,16.0,0.25],"tintindex":0,"rotation":0,"texture":"#0"}}},{"from":[3.3500009,6.9,6.3166666],"to":[9.350001,9.233334,8.650001],"faces":{"east":{"uv":[9.875,13.1875,9.4375,13.625],"tintindex":0,"rotation":0,"texture":"#0"},"south":{"uv":[9.5,11.1875,10.625,11.625],"tintindex":0,"rotation":0,"texture":"#0"},"north":{"uv":[10.625,11.1875,9.5,11.625],"tintindex":0,"rotation":0,"texture":"#0"},"west":{"uv":[9.4375,13.1875,9.875,13.625],"tintindex":0,"rotation":0,"texture":"#0"},"up":{"uv":[11.25,2.5625,12.375,2.125],"tintindex":0,"rotation":0,"texture":"#0"},"down":{"uv":[11.25,2.125,12.375,2.5625],"tintindex":0,"rotation":0,"texture":"#0"}}},{"from":[-8.962666,9.0565405,9.483334],"to":[-4.9626646,12.3898735,9.516667],"faces":{"south":{"uv":[6.5,6.0,7.25,6.625],"tintindex":0,"rotation":0,"texture":"#0"},"north":{"uv":[6.5,6.625,7.25,6.0],"tintindex":0,"rotation":180,"texture":"#0"},"up":{"uv":[15.875,0.25,16.0,0.0],"tintindex":0,"rotation":0,"texture":"#0"}}},{"from":[-1.2959976,9.0565405,9.483334],"to":[2.7040024,12.3898735,9.516667],"faces":{"south":{"uv":[6.5,6.0,7.25,6.625],"tintindex":0,"rotation":0,"texture":"#0"},"north":{"uv":[6.5,6.625,7.25,6.0],"tintindex":0,"rotation":180,"texture":"#0"},"up":{"uv":[15.875,0.25,16.0,0.0],"tintindex":0,"rotation":0,"texture":"#0"}}},{"from":[4.0,7.25,3.9666667],"to":[5.6666665,8.916667,10.966667],"faces":{"east":{"uv":[6.5,12.9375,6.8125,11.625],"tintindex":0,"rotation":90,"texture":"#0"},"south":{"uv":[3.0,9.375,3.3125,9.0625],"tintindex":0,"rotation":0,"texture":"#0"},"north":{"uv":[3.0,9.0625,3.3125,9.375],"tintindex":0,"rotation":270,"texture":"#0"},"west":{"uv":[6.5,12.9375,6.8125,11.625],"tintindex":0,"rotation":270,"texture":"#0"},"up":{"uv":[6.8125,11.625,6.5,12.9375],"tintindex":0,"rotation":180,"texture":"#0"},"down":{"uv":[6.8125,11.625,6.5,12.9375],"tintindex":0,"rotation":0,"texture":"#0"}}},{"from":[7.0,7.63563,7.9098496],"to":[7.033335,16.635632,24.243183],"faces":{"east":{"uv":[16.0,5.375,14.3125,2.3125],"tintindex":0,"rotation":90,"texture":"#0"},"west":{"uv":[16.0,2.3125,14.3125,5.375],"tintindex":0,"rotation":90,"texture":"#0"}},"rotation":{"origin":[7.016668,8.166667,6.6621847],"angle":-22.5,"axis":"x"}},{"from":[-8.962666,3.776793,9.483334],"to":[-4.9626646,7.1101265,9.516667],"faces":{"south":{"uv":[6.5,6.625,7.25,6.0],"tintindex":0,"rotation":0,"texture":"#0"},"north":{"uv":[6.5,6.0,7.25,6.625],"tintindex":0,"rotation":180,"texture":"#0"},"down":{"uv":[15.875,0.0,16.0,0.25],"tintindex":0,"rotation":0,"texture":"#0"}}},{"from":[-10.295998,3.776793,5.15],"to":[-6.2959976,7.1101265,5.1833334],"faces":{"south":{"uv":[6.5,6.625,7.25,6.0],"tintindex":0,"rotation":0,"texture":"#0"},"north":{"uv":[6.5,6.0,7.25,6.625],"tintindex":0,"rotation":180,"texture":"#0"},"down":{"uv":[15.875,0.0,16.0,0.25],"tintindex":0,"rotation":0,"texture":"#0"}}},{"from":[-14.0,7.0833335,4.666667],"to":[6.0,9.083333,6.0],"faces":{"east":{"uv":[13.875,3.875,14.3125,3.625],"tintindex":0,"rotation":90,"texture":"#0"},"south":{"uv":[7.0625,0.375,10.8125,0.0],"tintindex":0,"rotation":0,"texture":"#0"},"north":{"uv":[7.0625,0.0,10.8125,0.375],"tintindex":0,"rotation":180,"texture":"#0"},"west":{"uv":[14.3125,3.875,13.875,3.625],"tintindex":0,"rotation":270,"texture":"#0"},"up":{"uv":[12.125,6.5625,8.375,6.8125],"tintindex":0,"rotation":180,"texture":"#0"},"down":{"uv":[8.375,6.5625,12.125,6.8125],"tintindex":0,"rotation":0,"texture":"#0"}}}],"display":{"gui":{"rotation":[-150.0,-45.0,180.0]}}}