{"textures":{"0":"modelengine:entity/ce87828b-e79e-3451-ba37-df2252904e58","particle":"#0"},"elements":[{"from":[13.295998,3.776793,9.483334],"to":[17.295998,7.1101265,9.516667],"faces":{"south":{"uv":[7.25,6.625,6.5,6.0],"tintindex":0,"rotation":0,"texture":"#0"},"north":{"uv":[7.25,6.0,6.5,6.625],"tintindex":0,"rotation":180,"texture":"#0"},"down":{"uv":[16.0,0.0,15.875,0.25],"tintindex":0,"rotation":0,"texture":"#0"}}},{"from":[10.0,7.0833335,9.0],"to":[30.0,9.083333,10.333334],"faces":{"east":{"uv":[14.3125,3.625,13.875,3.875],"tintindex":0,"rotation":270,"texture":"#0"},"south":{"uv":[10.8125,0.375,7.0625,0.0],"tintindex":0,"rotation":0,"texture":"#0"},"north":{"uv":[10.8125,0.0,7.0625,0.375],"tintindex":0,"rotation":180,"texture":"#0"},"west":{"uv":[13.875,3.625,14.3125,3.875],"tintindex":0,"rotation":90,"texture":"#0"},"up":{"uv":[8.375,6.5625,12.125,6.8125],"tintindex":0,"rotation":180,"texture":"#0"},"down":{"uv":[12.125,6.5625,8.375,6.8125],"tintindex":0,"rotation":0,"texture":"#0"}}},{"from":[20.962666,3.776793,9.483334],"to":[24.962666,7.1101265,9.516667],"faces":{"south":{"uv":[7.25,6.625,6.5,6.0],"tintindex":0,"rotation":0,"texture":"#0"},"north":{"uv":[7.25,6.0,6.5,6.625],"tintindex":0,"rotation":180,"texture":"#0"},"down":{"uv":[16.0,0.0,15.875,0.25],"tintindex":0,"rotation":0,"texture":"#0"}}},{"from":[9.064377,7.2747517,7.1484504],"to":[9.09771,16.274754,23.481783],"faces":{"east":{"uv":[16.0,5.375,14.3125,2.3125],"tintindex":0,"rotation":90,"texture":"#0"},"west":{"uv":[16.0,2.3125,14.3125,5.375],"tintindex":0,"rotation":90,"texture":"#0"}},"rotation":{"origin":[10.983333,7.1666665,6.6621847],"angle":-22.5,"axis":"y"}},{"from":[14.629332,3.776793,5.15],"to":[18.629332,7.1101265,5.1833334],"faces":{"south":{"uv":[7.25,6.625,6.5,6.0],"tintindex":0,"rotation":0,"texture":"#0"},"north":{"uv":[7.25,6.0,6.5,6.625],"tintindex":0,"rotation":180,"texture":"#0"},"down":{"uv":[16.0,0.0,15.875,0.25],"tintindex":0,"rotation":0,"texture":"#0"}}},{"from":[13.295998,9.0565405,9.483334],"to":[17.295998,12.3898735,9.516667],"faces":{"south":{"uv":[7.25,6.0,6.5,6.625],"tintindex":0,"rotation":0,"texture":"#0"},"north":{"uv":[7.25,6.625,6.5,6.0],"tintindex":0,"rotation":180,"texture":"#0"},"up":{"uv":[16.0,0.25,15.875,0.0],"tintindex":0,"rotation":0,"texture":"#0"}}},{"from":[20.962666,9.0565405,9.483334],"to":[24.962666,12.3898735,9.516667],"faces":{"south":{"uv":[7.25,6.0,6.5,6.625],"tintindex":0,"rotation":0,"texture":"#0"},"north":{"uv":[7.25,6.625,6.5,6.0],"tintindex":0,"rotation":180,"texture":"#0"},"up":{"uv":[16.0,0.25,15.875,0.0],"tintindex":0,"rotation":0,"texture":"#0"}}},{"from":[8.868955,7.2747517,7.1484504],"to":[8.9022875,16.274754,23.481783],"faces":{"east":{"uv":[16.0,5.375,14.3125,2.3125],"tintindex":0,"rotation":90,"texture":"#0"},"west":{"uv":[16.0,2.3125,14.3125,5.375],"tintindex":0,"rotation":90,"texture":"#0"}},"rotation":{"origin":[6.983332,7.1666665,6.6621847],"angle":22.5,"axis":"y"}},{"from":[28.0,7.25,3.9666667],"to":[29.666668,8.916667,10.966667],"faces":{"east":{"uv":[6.5,11.625,6.8125,12.9375],"tintindex":0,"rotation":270,"texture":"#0"},"south":{"uv":[3.3125,9.375,3.0,9.0625],"tintindex":0,"rotation":0,"texture":"#0"},"north":{"uv":[3.3125,9.0625,3.0,9.375],"tintindex":0,"rotation":180,"texture":"#0"},"west":{"uv":[6.5,11.625,6.8125,12.9375],"tintindex":0,"rotation":90,"texture":"#0"},"up":{"uv":[6.5,11.625,6.8125,12.9375],"tintindex":0,"rotation":180,"texture":"#0"},"down":{"uv":[6.5,11.625,6.8125,12.9375],"tintindex":0,"rotation":0,"texture":"#0"}}},{"from":[6.6499987,6.9,6.3166666],"to":[12.65,9.233334,8.650001],"faces":{"east":{"uv":[9.875,13.1875,9.4375,13.625],"tintindex":0,"rotation":0,"texture":"#0"},"south":{"uv":[10.625,11.1875,9.5,11.625],"tintindex":0,"rotation":0,"texture":"#0"},"north":{"uv":[9.5,11.1875,10.625,11.625],"tintindex":0,"rotation":0,"texture":"#0"},"west":{"uv":[9.4375,13.1875,9.875,13.625],"tintindex":0,"rotation":0,"texture":"#0"},"up":{"uv":[12.375,2.5625,11.25,2.125],"tintindex":0,"rotation":0,"texture":"#0"},"down":{"uv":[12.375,2.125,11.25,2.5625],"tintindex":0,"rotation":0,"texture":"#0"}}},{"from":[10.333334,7.25,3.9666667],"to":[12.0,8.916667,10.966667],"faces":{"east":{"uv":[6.5,11.625,6.8125,12.9375],"tintindex":0,"rotation":270,"texture":"#0"},"south":{"uv":[3.3125,9.375,3.0,9.0625],"tintindex":0,"rotation":0,"texture":"#0"},"north":{"uv":[3.0,9.375,3.3125,9.0625],"tintindex":0,"rotation":270,"texture":"#0"},"west":{"uv":[6.5,11.625,6.8125,12.9375],"tintindex":0,"rotation":90,"texture":"#0"},"up":{"uv":[6.5,11.625,6.8125,12.9375],"tintindex":0,"rotation":180,"texture":"#0"},"down":{"uv":[6.5,11.625,6.8125,12.9375],"tintindex":0,"rotation":0,"texture":"#0"}}},{"from":[14.629332,9.0565405,5.15],"to":[18.629332,12.3898735,5.1833334],"faces":{"south":{"uv":[7.25,6.0,6.5,6.625],"tintindex":0,"rotation":0,"texture":"#0"},"north":{"uv":[7.25,6.625,6.5,6.0],"tintindex":0,"rotation":180,"texture":"#0"},"up":{"uv":[16.0,0.25,15.875,0.0],"tintindex":0,"rotation":0,"texture":"#0"}}},{"from":[10.0,7.0833335,4.666667],"to":[30.0,9.083333,6.0],"faces":{"east":{"uv":[14.3125,3.625,13.875,3.875],"tintindex":0,"rotation":270,"texture":"#0"},"south":{"uv":[10.8125,0.375,7.0625,0.0],"tintindex":0,"rotation":0,"texture":"#0"},"north":{"uv":[10.8125,0.0,7.0625,0.375],"tintindex":0,"rotation":180,"texture":"#0"},"west":{"uv":[13.875,3.625,14.3125,3.875],"tintindex":0,"rotation":90,"texture":"#0"},"up":{"uv":[8.375,6.5625,12.125,6.8125],"tintindex":0,"rotation":180,"texture":"#0"},"down":{"uv":[12.125,6.5625,8.375,6.8125],"tintindex":0,"rotation":0,"texture":"#0"}}},{"from":[22.295998,9.0565405,5.15],"to":[26.295998,12.3898735,5.1833334],"faces":{"south":{"uv":[7.25,6.0,6.5,6.625],"tintindex":0,"rotation":0,"texture":"#0"},"north":{"uv":[7.25,6.625,6.5,6.0],"tintindex":0,"rotation":180,"texture":"#0"},"up":{"uv":[16.0,0.25,15.875,0.0],"tintindex":0,"rotation":0,"texture":"#0"}}},{"from":[22.295998,3.776793,5.15],"to":[26.295998,7.1101265,5.1833334],"faces":{"south":{"uv":[7.25,6.625,6.5,6.0],"tintindex":0,"rotation":0,"texture":"#0"},"north":{"uv":[7.25,6.0,6.5,6.625],"tintindex":0,"rotation":180,"texture":"#0"},"down":{"uv":[16.0,0.0,15.875,0.25],"tintindex":0,"rotation":0,"texture":"#0"}}},{"from":[8.966664,7.63563,7.9098496],"to":[9.0,16.635632,24.243183],"faces":{"east":{"uv":[16.0,5.375,14.3125,2.3125],"tintindex":0,"rotation":90,"texture":"#0"},"west":{"uv":[16.0,2.3125,14.3125,5.375],"tintindex":0,"rotation":90,"texture":"#0"}},"rotation":{"origin":[8.983333,8.166667,6.6621847],"angle":-22.5,"axis":"x"}}],"display":{"gui":{"rotation":[-150.0,-45.0,180.0]}}}