{
    "providers": [
        {
            "file": "infinitefishing:font/bars/pointer.png",
            "chars": [
                "\ub001"
            ],
            "height": 30,
            "ascent": 22,
            "type": "bitmap"
        },
        {
            "file": "infinitefishing:font/bars/bar1.png",
            "chars": [
                "\ub002"
            ],
            "height": 128,
            "ascent": 48,
            "type": "bitmap"
        },
		{
            "file": "infinitefishing:font/bars/bar2.png",
            "chars": [
                "\ub003"
            ],
            "height": 128,
            "ascent": 48,
            "type": "bitmap"
        },
        {
            "file": "infinitefishing:font/bars/bar3.png",
            "chars": [
                "\ub004"
            ],
            "height": 128,
            "ascent": 48,
            "type": "bitmap"
        },
        {
            "file": "infinitefishing:font/bars/bar4.png",
            "chars": [
                "\ub005"
            ],
            "height": 128,
            "ascent": 48,
            "type": "bitmap"
        },
        {
            "file": "infinitefishing:font/bars/bar5.png",
            "chars": [
                "\ub006"
            ],
            "height": 128,
            "ascent": 48,
            "type": "bitmap"
        },
        {
            "file": "infinitefishing:font/bars/bar6.png",
            "chars": [
                "\ub007"
            ],
            "height": 128,
            "ascent": 48,
            "type": "bitmap"
        },
        {
            "file": "infinitefishing:font/bars/bar7.png",
            "chars": [
                "\ub008"
            ],
            "height": 128,
            "ascent": 48,
            "type": "bitmap"
        },
        {
            "file": "infinitefishing:font/bars/bar8.png",
            "chars": [
                "\ub009"
            ],
            "height": 128,
            "ascent": 48,
            "type": "bitmap"
        },
        {
            "file": "infinitefishing:font/bars/bar9.png",
            "chars": [
                "\ub00a"
            ],
            "height": 128,
            "ascent": 48,
            "type": "bitmap"
        },
        {
            "file": "infinitefishing:font/bars/bar_rainbow.png",
            "chars": [
                "\ub00b"
            ],
            "height": 128,
            "ascent": 48,
            "type": "bitmap"
        },
		{
            "file": "infinitefishing:font/bars/bar10.png",
            "chars": [
                "\ub00c"
            ],
            "height": 128,
            "ascent": 48,
            "type": "bitmap"
        },
		{
            "file": "infinitefishing:font/bars/fish_icon.png",
            "chars": [
                "\ub00d"
            ],
            "height": 5,
            "ascent": 4,
            "type": "bitmap"
        },
		{
            "file": "infinitefishing:font/bars/struggling_fish_icon.png",
            "chars": [
                "\ub00e"
            ],
            "height": 5,
            "ascent": 5,
            "type": "bitmap"
        },
		{
            "file": "infinitefishing:font/bars/struggling_fish_icon.png",
            "chars": [
                "\ub00f"
            ],
            "height": 5,
            "ascent": 4,
            "type": "bitmap"
        },
		{
            "file": "infinitefishing:font/bars/struggling_fish_icon.png",
            "chars": [
                "\ub010"
            ],
            "height": 5,
            "ascent": 3,
            "type": "bitmap"
        },
		{
            "file": "infinitefishing:font/bars/bar11.png",
            "chars": [
                "\ub011"
            ],
            "height": 128,
            "ascent": 48,
            "type": "bitmap"
        },
        {
            "file": "infinitefishing:font/bars/judgment_area_easy.png",
            "chars": [
                "\ub012"
            ],
            "height": 128,
            "ascent": 48,
            "type": "bitmap"
        },
        {
            "file": "infinitefishing:font/bars/judgment_area_normal.png",
            "chars": [
                "\ub013"
            ],
            "height": 128,
            "ascent": 48,
            "type": "bitmap"
        },
        {
            "file": "infinitefishing:font/bars/judgment_area_hard.png",
            "chars": [
                "\ub014"
            ],
            "height": 128,
            "ascent": 48,
            "type": "bitmap"
        },
        {
            "file": "infinitefishing:font/bars/bar_color_1.png",
            "chars": [
                "\ub015"
            ],
            "height": 128,
            "ascent": 48,
            "type": "bitmap"
        },
		{
            "file": "infinitefishing:font/bars/bar_color_2.png",
            "chars": [
                "\ub016"
            ],
            "height": 128,
            "ascent": 48,
            "type": "bitmap"
        },
        {
            "file": "infinitefishing:font/bars/bar_color_3.png",
            "chars": [
                "\ub017"
            ],
            "height": 128,
            "ascent": 48,
            "type": "bitmap"
        },
        {
            "file": "infinitefishing:font/bars/bar_color_4.png",
            "chars": [
                "\ub018"
            ],
            "height": 128,
            "ascent": 48,
            "type": "bitmap"
        },
        {
            "file": "infinitefishing:font/bars/bar_color_5.png",
            "chars": [
                "\ub019"
            ],
            "height": 128,
            "ascent": 48,
            "type": "bitmap"
        },
        {
            "file": "infinitefishing:font/bars/bar_color_6.png",
            "chars": [
                "\ub020"
            ],
            "height": 128,
            "ascent": 48,
            "type": "bitmap"
        },
        {
            "file": "infinitefishing:font/bars/bar_color_7.png",
            "chars": [
                "\ub021"
            ],
            "height": 128,
            "ascent": 48,
            "type": "bitmap"
        },
        {
            "file": "infinitefishing:font/bars/bar_color_8.png",
            "chars": [
                "\ub022"
            ],
            "height": 128,
            "ascent": 48,
            "type": "bitmap"
        },
        {
            "file": "infinitefishing:font/bars/bar_color_9.png",
            "chars": [
                "\ub023"
            ],
            "height": 128,
            "ascent": 48,
            "type": "bitmap"
        },
        {
            "file": "infinitefishing:font/bars/bar_color_rainbow.png",
            "chars": [
                "\ub024"
            ],
            "height": 128,
            "ascent": 48,
            "type": "bitmap"
        },
		{
            "file": "infinitefishing:font/icons/strain_1.png",
            "chars": [
                "\ub001"
            ],
            "height": 13,
            "ascent": 13,
            "type": "bitmap"
        },
        {
            "file": "infinitefishing:font/icons/strain_2.png",
            "chars": [
                "\ub002"
            ],
            "height": 13,
            "ascent": 13,
            "type": "bitmap"
        },
		{
            "file": "infinitefishing:font/icons/strain_3.png",
            "chars": [
                "\ub003"
            ],
            "height": 13,
            "ascent": 13,
            "type": "bitmap"
        },
		{
            "file": "infinitefishing:font/icons/strain_4.png",
            "chars": [
                "\ub004"
            ],
            "height": 13,
            "ascent": 13,
            "type": "bitmap"
        },
		{
            "file": "infinitefishing:font/icons/strain_5.png",
            "chars": [
                "\ub005"
            ],
            "height": 13,
            "ascent": 13,
            "type": "bitmap"
        },
		{
            "file": "infinitefishing:font/icons/progress_6.png",
            "chars": [
                "\ub006"
            ],
            "height": 13,
            "ascent": 13,
            "type": "bitmap"
        },
		{
            "file": "infinitefishing:font/icons/progress_7.png",
            "chars": [
                "\ub007"
            ],
            "height": 13,
            "ascent": 13,
            "type": "bitmap"
        },
		{
            "file": "infinitefishing:font/icons/progress_8.png",
            "chars": [
                "\ub008"
            ],
            "height": 13,
            "ascent": 13,
            "type": "bitmap"
        },
		{
            "file": "infinitefishing:font/icons/progress_9.png",
            "chars": [
                "\ub009"
            ],
            "height": 13,
            "ascent": 13,
            "type": "bitmap"
        },
		{
            "file": "infinitefishing:font/icons/strain_1.png",
            "chars": [
                "\ub011"
            ],
            "height": 13,
            "ascent": 13,
            "type": "bitmap"
        },
		{
            "file": "infinitefishing:font/icons/strain_2.png",
            "chars": [
                "\ub012"
            ],
            "height": 13,
            "ascent": 13,
            "type": "bitmap"
        },
		{
            "file": "infinitefishing:font/icons/strain_3.png",
            "chars": [
                "\ub013"
            ],
            "height": 13,
            "ascent": 13,
            "type": "bitmap"
        },
		{
            "file": "infinitefishing:font/icons/strain_4.png",
            "chars": [
                "\ub014"
            ],
            "height": 13,
            "ascent": 13,
            "type": "bitmap"
        },
		{
            "file": "infinitefishing:font/icons/strain_5.png",
            "chars": [
                "\ub015"
            ],
            "height": 13,
            "ascent": 13,
            "type": "bitmap"
        },
		{
            "file": "infinitefishing:font/icons/strain_6.png",
            "chars": [
                "\ub016"
            ],
            "height": 13,
            "ascent": 13,
            "type": "bitmap"
        },
		{
            "file": "infinitefishing:font/icons/strain_7.png",
            "chars": [
                "\ub017"
            ],
            "height": 13,
            "ascent": 13,
            "type": "bitmap"
        },
		{
            "file": "infinitefishing:font/icons/strain_8.png",
            "chars": [
                "\ub018"
            ],
            "height": 13,
            "ascent": 13,
            "type": "bitmap"
        },
		{
            "file": "infinitefishing:font/icons/strain_9.png",
            "chars": [
                "\ub019"
            ],
            "height": 13,
            "ascent": 13,
            "type": "bitmap"
        },
		{
            "file": "infinitefishing:font/icons/shift.png",
            "chars": [
                "\ub020"
            ],
            "height": 13,
            "ascent": 13,
            "type": "bitmap"
        },
		{
            "file": "infinitefishing:font/icons/left_click.png",
            "chars": [
                "\ub021"
            ],
            "height": 13,
            "ascent": 13,
            "type": "bitmap"
        },
		{
            "file": "infinitefishing:font/icons/left_click.png",
            "chars": [
                "\ub022"
            ],
            "height": 8,
            "ascent": 8,
            "type": "bitmap"
        },
		{
            "file": "infinitefishing:font/icons/right_click.png",
            "chars": [
                "\ub023"
            ],
            "height": 8,
            "ascent": 8,
            "type": "bitmap"
        },
		{
            "file": "infinitefishing:font/icons/space.png",
            "chars": [
                "\ub024"
            ],
            "height": 8,
            "ascent": 8,
            "type": "bitmap"
        },
		{
            "file": "infinitefishing:font/icons/shift.png",
            "chars": [
                "\ub025"
            ],
            "height": 8,
            "ascent": 8,
            "type": "bitmap"
        },
		{
            "file": "infinitefishing:font/icons/barrier.png",
            "chars": [
                "\ub026"
            ],
            "height": 8,
            "ascent": 8,
            "type": "bitmap"
        },
		{
            "type": "bitmap",
            "file": "infinitefishing:font/base/space_split.png",
            "ascent": -5000,
            "height": -3,
            "chars": [
                "\uf801"
            ]
        },
        {
            "type": "bitmap",
            "file": "infinitefishing:font/base/space_split.png",
            "ascent": -5000,
            "height": -4,
            "chars": [
                "\uf802"
            ]
        },
        {
            "type": "bitmap",
            "file": "infinitefishing:font/base/space_split.png",
            "ascent": -5000,
            "height": -6,
            "chars": [
                "\uf803"
            ]
        },
        {
            "type": "bitmap",
            "file": "infinitefishing:font/base/space_split.png",
            "ascent": -5000,
            "height": -10,
            "chars": [
                "\uf804"
            ]
        },
        {
            "type": "bitmap",
            "file": "infinitefishing:font/base/space_split.png",
            "ascent": -5000,
            "height": -18,
            "chars": [
                "\uf805"
            ]
        },
        {
            "type": "bitmap",
            "file": "infinitefishing:font/base/space_split.png",
            "ascent": -5000,
            "height": -34,
            "chars": [
                "\uf806"
            ]
        },
        {
            "type": "bitmap",
            "file": "infinitefishing:font/base/space_split.png",
            "ascent": -5000,
            "height": -66,
            "chars": [
                "\uf807"
            ]
        },
        {
            "type": "bitmap",
            "file": "infinitefishing:font/base/space_split.png",
            "ascent": -5000,
            "height": -130,
            "chars": [
                "\uf808"
            ]
        },
        {
            "type": "bitmap",
            "file": "infinitefishing:font/base/space_split.png",
            "ascent": -5000,
            "height": -1,
            "chars": [
                "\uf811"
            ]
        },
        {
            "type": "bitmap",
            "file": "infinitefishing:font/base/space_split.png",
            "ascent": -5000,
            "height": 1,
            "chars": [
                "\uf812"
            ]
        },
        {
            "type": "bitmap",
            "file": "infinitefishing:font/base/space_split.png",
            "ascent": -5000,
            "height": 3,
            "chars": [
                "\uf813"
            ]
        },
        {
            "type": "bitmap",
            "file": "infinitefishing:font/base/space_split.png",
            "ascent": -5000,
            "height": 7,
            "chars": [
                "\uf814"
            ]
        },
        {
            "type": "bitmap",
            "file": "infinitefishing:font/base/space_split.png",
            "ascent": -5000,
            "height": 15,
            "chars": [
                "\uf815"
            ]
        },
        {
            "type": "bitmap",
            "file": "infinitefishing:font/base/space_split.png",
            "ascent": -5000,
            "height": 31,
            "chars": [
                "\uf816"
            ]
        },
        {
            "type": "bitmap",
            "file": "infinitefishing:font/base/space_split.png",
            "ascent": -5000,
            "height": 63,
            "chars": [
                "\uf817"
            ]
        },
        {
            "type": "bitmap",
            "file": "infinitefishing:font/base/space_split.png",
            "ascent": -5000,
            "height": 127,
            "chars": [
                "\uf818"
            ]
        },
        {
            "file": "infinitefishing:font/ui/evaluator.png",
            "chars": [
                "\ud053"
            ],
            "height": 256,
            "ascent": 97,
            "type": "bitmap"
        }
    ]
}