{
    "model": {
      "type": "minecraft:range_dispatch",
      "property": "minecraft:custom_model_data",
      "index": 0,
      "fallback": {
        "type": "minecraft:model",
        "model": "minecraft:item/paper"
      },
      "entries": [
        {
          "model": {
            "type": "minecraft:model",
            "model": "infinitefishing:item/gui_items/gui_bar1"
          },
          "threshold": 40096
        },
        {
          "model": {
            "type": "minecraft:model",
            "model": "infinitefishing:item/gui_items/gui_bar2"
          },
          "threshold": 40097
        },
        {
          "model": {
            "type": "minecraft:model",
            "model": "infinitefishing:item/gui_items/gui_bar3"
          },
          "threshold": 40098
        },
        {
          "model": {
            "type": "minecraft:model",
            "model": "infinitefishing:item/util/splash_water"
          },
          "threshold": 49998
        },
        {
          "model": {
            "type": "minecraft:model",
            "model": "infinitefishing:item/util/splash_lava"
          },
          "threshold": 49999
        },
        {
          "model": {
            "type": "minecraft:model",
            "model": "infinitefishing:item/util/fishfinder"
          },
          "threshold": 50080
        },
        {
          "model": {
            "type": "minecraft:model",
            "model": "infinitefishing:item/bait/simple_bait"
          },
          "threshold": 50070
        },
        {
          "model": {
            "type": "minecraft:model",
            "model": "infinitefishing:item/bait/magnetic_bait"
          },
          "threshold": 50071
        },
        {
          "model": {
            "type": "minecraft:model",
            "model": "infinitefishing:item/bait/wild_bait"
          },
          "threshold": 50072
        },
        {
          "model": {
            "type": "minecraft:model",
            "model": "infinitefishing:item/bait/nice_bait"
          },
          "threshold": 50073
        },
        {
          "model": {
            "type": "minecraft:model",
            "model": "infinitefishing:item/bait/worm_bait"
          },
          "threshold": 50074
        },
        {
          "model": {
            "type": "minecraft:model",
            "model": "infinitefishing:item/util/crab"
          },
          "threshold": 50075
        },
        {
          "model": {
            "type": "minecraft:model",
            "model": "minecraft:item/paper"
          },
          "threshold": 50076
        }
      ]
    }
  }