{"parent":"item/generated","textures":{"layer0":"item/cod"},"display":{"head":{"rotation":[0,90,-60],"translation":[-7,-4,-7],"scale":[0.8,0.8,0.8]}},"overrides":[{"predicate":{"custom_model_data":50000},"model":"infinitefishing:item/fish/radioactive_fish"},{"predicate":{"custom_model_data":50001},"model":"infinitefishing:item/fish/tuna_fish"},{"predicate":{"custom_model_data":50002},"model":"infinitefishing:item/fish/tuna_fish_silver_star"},{"predicate":{"custom_model_data":50003},"model":"infinitefishing:item/fish/tuna_fish_golden_star"},{"predicate":{"custom_model_data":50004},"model":"infinitefishing:item/fish/pike_fish"},{"predicate":{"custom_model_data":50005},"model":"infinitefishing:item/fish/pike_fish_silver_star"},{"predicate":{"custom_model_data":50006},"model":"infinitefishing:item/fish/pike_fish_golden_star"},{"predicate":{"custom_model_data":50007},"model":"infinitefishing:item/fish/gold_fish"},{"predicate":{"custom_model_data":50008},"model":"infinitefishing:item/fish/gold_fish_silver_star"},{"predicate":{"custom_model_data":50009},"model":"infinitefishing:item/fish/gold_fish_golden_star"},{"predicate":{"custom_model_data":50010},"model":"infinitefishing:item/fish/perch_fish"},{"predicate":{"custom_model_data":50011},"model":"infinitefishing:item/fish/perch_fish_silver_star"},{"predicate":{"custom_model_data":50012},"model":"infinitefishing:item/fish/perch_fish_golden_star"},{"predicate":{"custom_model_data":50013},"model":"infinitefishing:item/fish/mullet_fish"},{"predicate":{"custom_model_data":50014},"model":"infinitefishing:item/fish/mullet_fish_silver_star"},{"predicate":{"custom_model_data":50015},"model":"infinitefishing:item/fish/mullet_fish_golden_star"},{"predicate":{"custom_model_data":50016},"model":"infinitefishing:item/fish/sardine_fish"},{"predicate":{"custom_model_data":50017},"model":"infinitefishing:item/fish/sardine_fish_silver_star"},{"predicate":{"custom_model_data":50018},"model":"infinitefishing:item/fish/sardine_fish_golden_star"},{"predicate":{"custom_model_data":50019},"model":"infinitefishing:item/fish/carp_fish"},{"predicate":{"custom_model_data":50020},"model":"infinitefishing:item/fish/carp_fish_silver_star"},{"predicate":{"custom_model_data":50021},"model":"infinitefishing:item/fish/carp_fish_golden_star"},{"predicate":{"custom_model_data":50022},"model":"infinitefishing:item/fish/cat_fish"},{"predicate":{"custom_model_data":50023},"model":"infinitefishing:item/fish/cat_fish_silver_star"},{"predicate":{"custom_model_data":50024},"model":"infinitefishing:item/fish/cat_fish_golden_star"},{"predicate":{"custom_model_data":50025},"model":"infinitefishing:item/fish/octopus_fish"},{"predicate":{"custom_model_data":50026},"model":"infinitefishing:item/fish/octopus_fish_silver_star"},{"predicate":{"custom_model_data":50027},"model":"infinitefishing:item/fish/octopus_fish_golden_star"},{"predicate":{"custom_model_data":50028},"model":"infinitefishing:item/fish/sunfish_fish"},{"predicate":{"custom_model_data":50029},"model":"infinitefishing:item/fish/sunfish_fish_silver_star"},{"predicate":{"custom_model_data":50030},"model":"infinitefishing:item/fish/sunfish_fish_golden_star"},{"predicate":{"custom_model_data":50031},"model":"infinitefishing:item/fish/red_spnapper_fish"},{"predicate":{"custom_model_data":50032},"model":"infinitefishing:item/fish/red_spnapper_silver_star"},{"predicate":{"custom_model_data":50033},"model":"infinitefishing:item/fish/red_spnapper_fish_golden_star"},{"predicate":{"custom_model_data":50034},"model":"infinitefishing:item/fish/salmon_void_fish"},{"predicate":{"custom_model_data":50035},"model":"infinitefishing:item/fish/salmon_void_silver_star"},{"predicate":{"custom_model_data":50036},"model":"infinitefishing:item/fish/salmon_void_fish_golden_star"},{"predicate":{"custom_model_data":50037},"model":"infinitefishing:item/fish/woodskip_fish"},{"predicate":{"custom_model_data":50038},"model":"infinitefishing:item/fish/woodskip_silver_star"},{"predicate":{"custom_model_data":50039},"model":"infinitefishing:item/fish/woodskip_fish_golden_star"},{"predicate":{"custom_model_data":50040},"model":"infinitefishing:item/fish/sturgeon_fish"},{"predicate":{"custom_model_data":50041},"model":"infinitefishing:item/fish/sturgeon_silver_star"},{"predicate":{"custom_model_data":50042},"model":"infinitefishing:item/fish/sturgeon_fish_golden_star"},{"predicate":{"custom_model_data":50043},"model":"infinitefishing:item/fish/blue_jellyfish"},{"predicate":{"custom_model_data":50044},"model":"infinitefishing:item/fish/blue_jellyfish_silver_star"},{"predicate":{"custom_model_data":50045},"model":"infinitefishing:item/fish/blue_jellyfish_golden_star"},{"predicate":{"custom_model_data":50046},"model":"infinitefishing:item/fish/pink_jellyfish"},{"predicate":{"custom_model_data":50047},"model":"infinitefishing:item/fish/pink_jellyfish_silver_star"},
{"predicate":{"custom_model_data":50048},"model":"infinitefishing:item/fish/pink_jellyfish_golden_star"},
{"predicate":{"custom_model_data":50049},"model":"infinitefishing:item/fish/blue_jellyfish_amethyst_star"},
{"predicate":{"custom_model_data":50050},"model":"infinitefishing:item/fish/carp_fish_amethyst_star"},
{"predicate":{"custom_model_data":50051},"model":"infinitefishing:item/fish/cat_fish_amethyst_star"},
{"predicate":{"custom_model_data":50052},"model":"infinitefishing:item/fish/gold_fish_amethyst_star"},
{"predicate":{"custom_model_data":50053},"model":"infinitefishing:item/fish/golden_fish_amethyst_star"},
{"predicate":{"custom_model_data":50054},"model":"infinitefishing:item/fish/mullet_fish_amethyst_star"},
{"predicate":{"custom_model_data":50055},"model":"infinitefishing:item/fish/octopus_fish_amethyst_star"},
{"predicate":{"custom_model_data":50056},"model":"infinitefishing:item/fish/perch_fish_amethyst_star"},
{"predicate":{"custom_model_data":50057},"model":"infinitefishing:item/fish/pike_fish_amethyst_star"},
{"predicate":{"custom_model_data":50058},"model":"infinitefishing:item/fish/pink_jellyfish_amethyst_star"},
{"predicate":{"custom_model_data":50059},"model":"infinitefishing:item/fish/red_spnapper_fish_amethyst_star"},
{"predicate":{"custom_model_data":50060},"model":"infinitefishing:item/fish/salmon_void_fish_amethyst_star"},
{"predicate":{"custom_model_data":50061},"model":"infinitefishing:item/fish/sardine_fish_amethyst_star"},
{"predicate":{"custom_model_data":50062},"model":"infinitefishing:item/fish/sturgeon_fish_amethyst_star"},
{"predicate":{"custom_model_data":50063},"model":"infinitefishing:item/fish/sunfish_fish_amethyst_star"},
{"predicate":{"custom_model_data":50064},"model":"infinitefishing:item/fish/tuna_fish_amethyst_star"},
{"predicate":{"custom_model_data":50065},"model":"infinitefishing:item/fish/woodskip_fish_amethyst_star"},
{"predicate":{"custom_model_data":50066},"model":"infinitefishing:item/fish/golden_fish"},
{"predicate":{"custom_model_data":50067},"model":"infinitefishing:item/fish/golden_fish_golden_star"},
{"predicate":{"custom_model_data":50068},"model":"infinitefishing:item/fish/golden_fish_silver_star"},
{"predicate":{"custom_model_data":50100},"model":"infinitefishing:item/fish/rainbow_fish"},
{"predicate":{"custom_model_data":50101},"model":"item/cod"}]}