{"parent":"item/handheld_rod","textures":{"layer0":"item/fishing_rod"},"overrides":[{"predicate":{"cast":1},"model":"item/fishing_rod_cast"},{"predicate":{"custom_model_data":50081},"model":"infinitefishing:item/rod/beginner_rod"},{"predicate":{"cast":1,"custom_model_data":50081},"model":"infinitefishing:item/rod/beginner_rod_cast"},{"predicate":{"custom_model_data":50082},"model":"infinitefishing:item/rod/silver_rod"},{"predicate":{"cast":1,"custom_model_data":50082},"model":"infinitefishing:item/rod/silver_rod_cast"},{"predicate":{"custom_model_data":50083},"model":"infinitefishing:item/rod/golden_rod"},{"predicate":{"cast":1,"custom_model_data":50083},"model":"infinitefishing:item/rod/golden_rod_cast"},{"predicate":{"custom_model_data":50084},"model":"infinitefishing:item/rod/star_rod"},{"predicate":{"cast":1,"custom_model_data":50084},"model":"infinitefishing:item/rod/star_rod_cast"},{"predicate":{"custom_model_data":50085},"model":"infinitefishing:item/rod/bone_rod"},{"predicate":{"cast":1,"custom_model_data":50085},"model":"infinitefishing:item/rod/bone_rod_cast"},{"predicate":{"custom_model_data":50086},"model":"infinitefishing:item/rod/magical_rod"},{"predicate":{"cast":1,"custom_model_data":50086},"model":"infinitefishing:item/rod/magical_rod_cast"},{"predicate":{"custom_model_data":50087},"model":"infinitefishing:item/rod/master_rod"},{"predicate":{"cast":1,"custom_model_data":50087},"model":"infinitefishing:item/rod/master_rod_cast"},{"predicate":{"custom_model_data":50088},"model":"item/fishing_rod"}]}