{
	"credit": "Made with Blockbench",
	"textures": {
		"0": "infinitefishing:item/util/crab",
		"particle": "infinitefishing:item/util/crab"
	},
	"elements": [
		{
			"from": [5, 1.7, 4],
			"to": [11, 3.7, 9.3],
			"rotation": {"angle": 0, "axis": "y", "origin": [8, 1.7, 4]},
			"faces": {
				"north": {"uv": [0.025, 0.525, 1.975, 1.475], "texture": "#0"},
				"east": {"uv": [0.025, 2.025, 1.975, 2.975], "texture": "#0"},
				"south": {"uv": [0.025, 2.025, 1.975, 2.975], "texture": "#0"},
				"west": {"uv": [0.025, 2.025, 1.975, 2.975], "texture": "#0"},
				"up": {"uv": [0.025, 2.025, 1.975, 3.575], "texture": "#0"},
				"down": {"uv": [0.025, 2.025, 1.975, 3.575], "texture": "#0"}
			}
		},
		{
			"from": [5.3, 1.1, 5.8],
			"to": [10.8, 2.7, 11.3],
			"rotation": {"angle": 0, "axis": "y", "origin": [8, 1.7, 5.8]},
			"faces": {
				"north": {"uv": [0.025, 2.025, 1.975, 2.975], "texture": "#0"},
				"east": {"uv": [0.025, 2.025, 1.975, 2.975], "texture": "#0"},
				"south": {"uv": [0.025, 2.025, 1.975, 2.975], "texture": "#0"},
				"west": {"uv": [0.025, 2.025, 1.975, 2.975], "texture": "#0"},
				"up": {"uv": [0.025, 2.025, 1.975, 3.575], "texture": "#0"},
				"down": {"uv": [0.025, 2.025, 1.975, 3.575], "texture": "#0"}
			}
		},
		{
			"from": [7.4, 2, 3.9],
			"to": [11.6, 3.9, 9.5],
			"rotation": {"angle": -22.5, "axis": "z", "origin": [10.4, 3, 7]},
			"faces": {
				"north": {"uv": [7.775, 1.775, 9.225, 2.45], "texture": "#0"},
				"east": {"uv": [6.2, 1.775, 7.725, 2.45], "texture": "#0"},
				"south": {"uv": [6.25, 1.775, 7.725, 2.45], "texture": "#0"},
				"west": {"uv": [6.025, 2.025, 7.725, 2.7], "texture": "#0"},
				"up": {"uv": [6.25, 0.775, 7.725, 2.7], "texture": "#0"},
				"down": {"uv": [6.025, 2.025, 7.725, 2.7], "texture": "#0"}
			}
		},
		{
			"from": [4.4, 2, 3.892],
			"to": [8.6, 3.9, 9.492],
			"rotation": {"angle": 22.5, "axis": "z", "origin": [5.6, 3, 7]},
			"faces": {
				"north": {"uv": [9.225, 1.775, 7.775, 2.45], "texture": "#0"},
				"east": {"uv": [7.725, 2.025, 6.025, 2.7], "texture": "#0"},
				"south": {"uv": [7.725, 1.775, 6.25, 2.45], "texture": "#0"},
				"west": {"uv": [7.725, 1.775, 6.2, 2.45], "texture": "#0"},
				"up": {"uv": [7.725, 0.775, 6.25, 2.7], "texture": "#0"},
				"down": {"uv": [7.725, 2.025, 6.025, 2.7], "texture": "#0"}
			}
		},
		{
			"from": [7.46, 1.44, 5.93],
			"to": [11.24, 3.15, 11.51],
			"rotation": {"angle": -22.5, "axis": "z", "origin": [10.16, 2.34, 8.72]},
			"faces": {
				"north": {"uv": [7.775, 1.775, 9.225, 2.45], "texture": "#0"},
				"east": {"uv": [6.2, 1.775, 7.725, 2.45], "texture": "#0"},
				"south": {"uv": [6.25, 1.775, 7.725, 2.45], "texture": "#0"},
				"west": {"uv": [6.025, 2.025, 7.725, 2.7], "texture": "#0"},
				"up": {"uv": [6.25, 0.775, 7.725, 2.7], "texture": "#0"},
				"down": {"uv": [6.025, 2.025, 7.725, 2.7], "texture": "#0"}
			}
		},
		{
			"from": [5.408, 1.152, 9.13824],
			"to": [8.432, 2.52, 13.60224],
			"rotation": {"angle": 22.5, "axis": "z", "origin": [6.272, 1.872, 11.376]},
			"faces": {
				"north": {"uv": [9.225, 1.775, 7.775, 2.45], "texture": "#0"},
				"east": {"uv": [7.725, 2.025, 6.025, 2.7], "texture": "#0"},
				"south": {"uv": [7.725, 1.775, 6.25, 2.45], "texture": "#0"},
				"west": {"uv": [7.725, 1.775, 6.2, 2.45], "texture": "#0"},
				"up": {"uv": [7.725, 0.775, 6.25, 2.7], "texture": "#0"},
				"down": {"uv": [7.725, 2.025, 6.025, 2.7], "texture": "#0"}
			}
		},
		{
			"from": [5.84, 0.88, 9.04],
			"to": [10.24, 2.16, 13.44],
			"rotation": {"angle": 0, "axis": "y", "origin": [8, 1.36, 9.04]},
			"faces": {
				"north": {"uv": [0.025, 2.025, 1.975, 2.975], "texture": "#0"},
				"east": {"uv": [0.025, 2.025, 1.975, 2.975], "texture": "#0"},
				"south": {"uv": [0.025, 2.025, 1.975, 2.975], "texture": "#0"},
				"west": {"uv": [0.025, 2.025, 1.975, 2.975], "texture": "#0"},
				"up": {"uv": [0.025, 2.025, 1.975, 3.575], "texture": "#0"},
				"down": {"uv": [0.025, 2.025, 1.975, 3.575], "texture": "#0"}
			}
		},
		{
			"from": [7.568, 1.152, 9.144],
			"to": [10.592, 2.52, 13.608],
			"rotation": {"angle": -22.5, "axis": "z", "origin": [9.728, 1.872, 11.376]},
			"faces": {
				"north": {"uv": [7.775, 1.775, 9.225, 2.45], "texture": "#0"},
				"east": {"uv": [6.2, 1.775, 7.725, 2.45], "texture": "#0"},
				"south": {"uv": [6.25, 1.775, 7.725, 2.45], "texture": "#0"},
				"west": {"uv": [6.025, 2.025, 7.725, 2.7], "texture": "#0"},
				"up": {"uv": [6.25, 0.775, 7.725, 2.7], "texture": "#0"},
				"down": {"uv": [6.025, 2.025, 7.725, 2.7], "texture": "#0"}
			}
		},
		{
			"from": [4.76, 1.44, 5.9228],
			"to": [8.54, 3.15, 11.5028],
			"rotation": {"angle": 22.5, "axis": "z", "origin": [5.84, 2.34, 8.72]},
			"faces": {
				"north": {"uv": [9.225, 1.775, 7.775, 2.45], "texture": "#0"},
				"east": {"uv": [7.725, 2.025, 6.025, 2.7], "texture": "#0"},
				"south": {"uv": [7.725, 1.775, 6.25, 2.45], "texture": "#0"},
				"west": {"uv": [7.725, 1.775, 6.2, 2.45], "texture": "#0"},
				"up": {"uv": [7.725, 0.775, 6.25, 2.7], "texture": "#0"},
				"down": {"uv": [7.725, 2.025, 6.025, 2.7], "texture": "#0"}
			}
		},
		{
			"from": [9.1, 3.7, 3.7],
			"to": [10.1, 5.7, 4.7],
			"rotation": {"angle": -22.5, "axis": "z", "origin": [9.6, 4.7, 4.2]},
			"faces": {
				"north": {"uv": [6.275, 0.275, 6.475, 0.725], "texture": "#0"},
				"east": {"uv": [6.275, 0.525, 6.475, 0.725], "texture": "#0"},
				"south": {"uv": [6.275, 0.525, 6.475, 0.725], "texture": "#0"},
				"west": {"uv": [6.275, 0.525, 6.475, 0.725], "texture": "#0"},
				"up": {"uv": [6.275, 0.525, 6.475, 0.725], "texture": "#0"},
				"down": {"uv": [6.275, 0.275, 6.475, 0.725], "texture": "#0"}
			}
		},
		{
			"from": [5.9, 3.7, 3.7],
			"to": [6.9, 5.7, 4.7],
			"rotation": {"angle": 22.5, "axis": "z", "origin": [6.4, 4.7, 4.2]},
			"faces": {
				"north": {"uv": [6.475, 0.275, 6.275, 0.725], "texture": "#0"},
				"east": {"uv": [6.275, 0.525, 6.475, 0.725], "texture": "#0"},
				"south": {"uv": [6.275, 0.525, 6.475, 0.725], "texture": "#0"},
				"west": {"uv": [6.275, 0.525, 6.475, 0.725], "texture": "#0"},
				"up": {"uv": [6.275, 0.525, 6.475, 0.725], "texture": "#0"},
				"down": {"uv": [6.475, 0.275, 6.275, 0.725], "texture": "#0"}
			}
		},
		{
			"from": [10.9, 1.5, 5.2],
			"to": [12.9, 2.5, 6.2],
			"rotation": {"angle": 22.5, "axis": "z", "origin": [11.9, 2, 5.7]},
			"faces": {
				"north": {"uv": [6.275, 1.025, 6.475, 1.475], "rotation": 90, "texture": "#0"},
				"east": {"uv": [6.275, 1.275, 6.475, 1.475], "rotation": 270, "texture": "#0"},
				"south": {"uv": [6.275, 1.025, 6.475, 1.475], "rotation": 270, "texture": "#0"},
				"west": {"uv": [6.275, 1.025, 6.475, 1.475], "rotation": 270, "texture": "#0"},
				"up": {"uv": [6.275, 1.025, 6.475, 1.475], "rotation": 270, "texture": "#0"},
				"down": {"uv": [6.275, 1.025, 6.475, 1.475], "rotation": 270, "texture": "#0"}
			}
		},
		{
			"from": [12.85984, -0.01179, 5.2],
			"to": [13.85984, 1.98821, 6.2],
			"rotation": {"angle": 22.5, "axis": "z", "origin": [13.35984, 0.98821, 5.7]},
			"faces": {
				"north": {"uv": [6.275, 1.025, 6.475, 1.475], "texture": "#0"},
				"east": {"uv": [6.275, 1.025, 6.475, 1.475], "texture": "#0"},
				"south": {"uv": [6.275, 1.025, 6.475, 1.475], "texture": "#0"},
				"west": {"uv": [6.275, 1.025, 6.475, 1.475], "texture": "#0"},
				"up": {"uv": [6.275, 1.025, 6.475, 1.225], "texture": "#0"},
				"down": {"uv": [6.275, 1.275, 6.475, 1.475], "texture": "#0"}
			}
		},
		{
			"from": [13.05984, 0.18821, 7.2],
			"to": [14.05984, 2.18821, 8.2],
			"rotation": {"angle": 22.5, "axis": "z", "origin": [13.55984, 1.18821, 7.7]},
			"faces": {
				"north": {"uv": [6.275, 1.025, 6.475, 1.475], "texture": "#0"},
				"east": {"uv": [6.275, 1.025, 6.475, 1.475], "texture": "#0"},
				"south": {"uv": [6.275, 1.025, 6.475, 1.475], "texture": "#0"},
				"west": {"uv": [6.275, 1.025, 6.475, 1.475], "texture": "#0"},
				"up": {"uv": [6.275, 1.025, 6.475, 1.225], "texture": "#0"},
				"down": {"uv": [6.275, 1.275, 6.475, 1.475], "texture": "#0"}
			}
		},
		{
			"from": [11.1, 1.7, 7.2],
			"to": [13.1, 2.7, 8.2],
			"rotation": {"angle": 22.5, "axis": "z", "origin": [12.1, 2.2, 7.7]},
			"faces": {
				"north": {"uv": [6.275, 1.025, 6.475, 1.475], "rotation": 90, "texture": "#0"},
				"east": {"uv": [6.275, 1.275, 6.475, 1.475], "rotation": 270, "texture": "#0"},
				"south": {"uv": [6.275, 1.025, 6.475, 1.475], "rotation": 270, "texture": "#0"},
				"west": {"uv": [6.275, 1.025, 6.475, 1.475], "rotation": 270, "texture": "#0"},
				"up": {"uv": [6.275, 1.025, 6.475, 1.475], "rotation": 270, "texture": "#0"},
				"down": {"uv": [6.275, 1.025, 6.475, 1.475], "rotation": 270, "texture": "#0"}
			}
		},
		{
			"from": [12.45984, 0.08821, 9.2],
			"to": [13.45984, 2.08821, 10.2],
			"rotation": {"angle": 22.5, "axis": "z", "origin": [12.95984, 1.08821, 9.7]},
			"faces": {
				"north": {"uv": [6.275, 1.025, 6.475, 1.475], "texture": "#0"},
				"east": {"uv": [6.275, 1.025, 6.475, 1.475], "texture": "#0"},
				"south": {"uv": [6.275, 1.025, 6.475, 1.475], "texture": "#0"},
				"west": {"uv": [6.275, 1.025, 6.475, 1.475], "texture": "#0"},
				"up": {"uv": [6.275, 1.025, 6.475, 1.225], "texture": "#0"},
				"down": {"uv": [6.275, 1.275, 6.475, 1.475], "texture": "#0"}
			}
		},
		{
			"from": [10.5, 1.6, 9.2],
			"to": [12.5, 2.6, 10.2],
			"rotation": {"angle": 22.5, "axis": "z", "origin": [11.5, 2.1, 9.7]},
			"faces": {
				"north": {"uv": [6.275, 1.025, 6.475, 1.475], "rotation": 90, "texture": "#0"},
				"east": {"uv": [6.275, 1.275, 6.475, 1.475], "rotation": 270, "texture": "#0"},
				"south": {"uv": [6.275, 1.025, 6.475, 1.475], "rotation": 270, "texture": "#0"},
				"west": {"uv": [6.275, 1.025, 6.475, 1.475], "rotation": 270, "texture": "#0"},
				"up": {"uv": [6.275, 1.025, 6.475, 1.475], "rotation": 270, "texture": "#0"},
				"down": {"uv": [6.275, 1.025, 6.475, 1.475], "rotation": 270, "texture": "#0"}
			}
		},
		{
			"from": [11.95984, -0.21179, 11.6],
			"to": [12.95984, 1.78821, 12.6],
			"rotation": {"angle": 22.5, "axis": "z", "origin": [12.45984, 0.78821, 12.1]},
			"faces": {
				"north": {"uv": [6.275, 1.025, 6.475, 1.475], "texture": "#0"},
				"east": {"uv": [6.275, 1.025, 6.475, 1.475], "texture": "#0"},
				"south": {"uv": [6.275, 1.025, 6.475, 1.475], "texture": "#0"},
				"west": {"uv": [6.275, 1.025, 6.475, 1.475], "texture": "#0"},
				"up": {"uv": [6.275, 1.025, 6.475, 1.225], "texture": "#0"},
				"down": {"uv": [6.275, 1.275, 6.475, 1.475], "texture": "#0"}
			}
		},
		{
			"from": [10, 1.3, 11.6],
			"to": [12, 2.3, 12.6],
			"rotation": {"angle": 22.5, "axis": "z", "origin": [11, 1.8, 12.1]},
			"faces": {
				"north": {"uv": [6.275, 1.025, 6.475, 1.475], "rotation": 90, "texture": "#0"},
				"east": {"uv": [6.275, 1.275, 6.475, 1.475], "rotation": 270, "texture": "#0"},
				"south": {"uv": [6.275, 1.025, 6.475, 1.475], "rotation": 270, "texture": "#0"},
				"west": {"uv": [6.275, 1.025, 6.475, 1.475], "rotation": 270, "texture": "#0"},
				"up": {"uv": [6.275, 1.025, 6.475, 1.475], "rotation": 270, "texture": "#0"},
				"down": {"uv": [6.275, 1.025, 6.475, 1.475], "rotation": 270, "texture": "#0"}
			}
		},
		{
			"from": [3.04016, -0.21179, 11.6],
			"to": [4.04016, 1.78821, 12.6],
			"rotation": {"angle": -22.5, "axis": "z", "origin": [3.54016, 0.78821, 12.1]},
			"faces": {
				"north": {"uv": [6.475, 1.025, 6.275, 1.475], "texture": "#0"},
				"east": {"uv": [6.475, 1.025, 6.275, 1.475], "texture": "#0"},
				"south": {"uv": [6.475, 1.025, 6.275, 1.475], "texture": "#0"},
				"west": {"uv": [6.475, 1.025, 6.275, 1.475], "texture": "#0"},
				"up": {"uv": [6.475, 1.025, 6.275, 1.225], "texture": "#0"},
				"down": {"uv": [6.475, 1.275, 6.275, 1.475], "texture": "#0"}
			}
		},
		{
			"from": [4, 1.3, 11.6],
			"to": [6, 2.3, 12.6],
			"rotation": {"angle": -22.5, "axis": "z", "origin": [5, 1.8, 12.1]},
			"faces": {
				"north": {"uv": [6.275, 1.475, 6.475, 1.025], "rotation": 90, "texture": "#0"},
				"east": {"uv": [6.275, 1.475, 6.475, 1.025], "rotation": 270, "texture": "#0"},
				"south": {"uv": [6.275, 1.475, 6.475, 1.025], "rotation": 270, "texture": "#0"},
				"west": {"uv": [6.275, 1.475, 6.475, 1.275], "rotation": 270, "texture": "#0"},
				"up": {"uv": [6.275, 1.475, 6.475, 1.025], "rotation": 270, "texture": "#0"},
				"down": {"uv": [6.275, 1.475, 6.475, 1.025], "rotation": 270, "texture": "#0"}
			}
		},
		{
			"from": [3.1, 1.5, 5.2],
			"to": [5.1, 2.5, 6.2],
			"rotation": {"angle": -22.5, "axis": "z", "origin": [4.1, 2, 5.7]},
			"faces": {
				"north": {"uv": [6.275, 1.475, 6.475, 1.025], "rotation": 90, "texture": "#0"},
				"east": {"uv": [6.275, 1.475, 6.475, 1.025], "rotation": 270, "texture": "#0"},
				"south": {"uv": [6.275, 1.475, 6.475, 1.025], "rotation": 270, "texture": "#0"},
				"west": {"uv": [6.275, 1.475, 6.475, 1.275], "rotation": 270, "texture": "#0"},
				"up": {"uv": [6.275, 1.475, 6.475, 1.025], "rotation": 270, "texture": "#0"},
				"down": {"uv": [6.275, 1.475, 6.475, 1.025], "rotation": 270, "texture": "#0"}
			}
		},
		{
			"from": [2.14016, -0.01179, 5.2],
			"to": [3.14016, 1.98821, 6.2],
			"rotation": {"angle": -22.5, "axis": "z", "origin": [2.64016, 0.98821, 5.7]},
			"faces": {
				"north": {"uv": [6.475, 1.025, 6.275, 1.475], "texture": "#0"},
				"east": {"uv": [6.475, 1.025, 6.275, 1.475], "texture": "#0"},
				"south": {"uv": [6.475, 1.025, 6.275, 1.475], "texture": "#0"},
				"west": {"uv": [6.475, 1.025, 6.275, 1.475], "texture": "#0"},
				"up": {"uv": [6.475, 1.025, 6.275, 1.225], "texture": "#0"},
				"down": {"uv": [6.475, 1.275, 6.275, 1.475], "texture": "#0"}
			}
		},
		{
			"from": [1.94016, 0.18821, 7.2],
			"to": [2.94016, 2.18821, 8.2],
			"rotation": {"angle": -22.5, "axis": "z", "origin": [2.44016, 1.18821, 7.7]},
			"faces": {
				"north": {"uv": [6.475, 1.025, 6.275, 1.475], "texture": "#0"},
				"east": {"uv": [6.475, 1.025, 6.275, 1.475], "texture": "#0"},
				"south": {"uv": [6.475, 1.025, 6.275, 1.475], "texture": "#0"},
				"west": {"uv": [6.475, 1.025, 6.275, 1.475], "texture": "#0"},
				"up": {"uv": [6.475, 1.025, 6.275, 1.225], "texture": "#0"},
				"down": {"uv": [6.475, 1.275, 6.275, 1.475], "texture": "#0"}
			}
		},
		{
			"from": [2.9, 1.7, 7.2],
			"to": [4.9, 2.7, 8.2],
			"rotation": {"angle": -22.5, "axis": "z", "origin": [3.9, 2.2, 7.7]},
			"faces": {
				"north": {"uv": [6.275, 1.475, 6.475, 1.025], "rotation": 90, "texture": "#0"},
				"east": {"uv": [6.275, 1.475, 6.475, 1.025], "rotation": 270, "texture": "#0"},
				"south": {"uv": [6.275, 1.475, 6.475, 1.025], "rotation": 270, "texture": "#0"},
				"west": {"uv": [6.275, 1.475, 6.475, 1.275], "rotation": 270, "texture": "#0"},
				"up": {"uv": [6.275, 1.475, 6.475, 1.025], "rotation": 270, "texture": "#0"},
				"down": {"uv": [6.275, 1.475, 6.475, 1.025], "rotation": 270, "texture": "#0"}
			}
		},
		{
			"from": [2.54016, 0.08821, 9.2],
			"to": [3.54016, 2.08821, 10.2],
			"rotation": {"angle": -22.5, "axis": "z", "origin": [3.04016, 1.08821, 9.7]},
			"faces": {
				"north": {"uv": [6.475, 1.025, 6.275, 1.475], "texture": "#0"},
				"east": {"uv": [6.475, 1.025, 6.275, 1.475], "texture": "#0"},
				"south": {"uv": [6.475, 1.025, 6.275, 1.475], "texture": "#0"},
				"west": {"uv": [6.475, 1.025, 6.275, 1.475], "texture": "#0"},
				"up": {"uv": [6.475, 1.025, 6.275, 1.225], "texture": "#0"},
				"down": {"uv": [6.475, 1.275, 6.275, 1.475], "texture": "#0"}
			}
		},
		{
			"from": [3.5, 1.6, 9.2],
			"to": [5.5, 2.6, 10.2],
			"rotation": {"angle": -22.5, "axis": "z", "origin": [4.5, 2.1, 9.7]},
			"faces": {
				"north": {"uv": [6.275, 1.475, 6.475, 1.025], "rotation": 90, "texture": "#0"},
				"east": {"uv": [6.275, 1.475, 6.475, 1.025], "rotation": 270, "texture": "#0"},
				"south": {"uv": [6.275, 1.475, 6.475, 1.025], "rotation": 270, "texture": "#0"},
				"west": {"uv": [6.275, 1.475, 6.475, 1.275], "rotation": 270, "texture": "#0"},
				"up": {"uv": [6.275, 1.475, 6.475, 1.025], "rotation": 270, "texture": "#0"},
				"down": {"uv": [6.275, 1.475, 6.475, 1.025], "rotation": 270, "texture": "#0"}
			}
		},
		{
			"from": [8.85355, 1.1, -0.55355],
			"to": [8.85355, 2.8, 1.44645],
			"rotation": {"angle": -22.5, "axis": "y", "origin": [9.85355, 1.95, 0.44645]},
			"faces": {
				"north": {"uv": [12.525, 1.525, 13.475, 2.475], "texture": "#0"},
				"east": {"uv": [12.525, 1.525, 13.475, 2.475], "texture": "#0"},
				"south": {"uv": [12.525, 1.525, 13.475, 2.475], "texture": "#0"},
				"west": {"uv": [12.525, 1.525, 13.475, 2.475], "texture": "#0"},
				"up": {"uv": [12.525, 1.525, 13.475, 2.475], "texture": "#0"},
				"down": {"uv": [12.525, 1.525, 13.475, 2.475], "texture": "#0"}
			}
		},
		{
			"from": [10.85355, 1.1, -0.55355],
			"to": [10.85355, 2.8, 1.44645],
			"rotation": {"angle": -22.5, "axis": "y", "origin": [9.85355, 1.95, 0.44645]},
			"faces": {
				"north": {"uv": [11.725, 0.275, 11.025, 0.975], "texture": "#0"},
				"east": {"uv": [11.725, 0.275, 11.025, 0.975], "texture": "#0"},
				"south": {"uv": [11.725, 0.275, 11.025, 0.975], "texture": "#0"},
				"west": {"uv": [11.725, 0.275, 11.025, 0.975], "texture": "#0"},
				"up": {"uv": [11.725, 0.275, 11.025, 0.975], "texture": "#0"},
				"down": {"uv": [11.725, 0.275, 11.025, 0.975], "texture": "#0"}
			}
		},
		{
			"from": [8.85355, 1.1, -0.55355],
			"to": [10.85355, 1.1, 1.44645],
			"rotation": {"angle": -22.5, "axis": "y", "origin": [9.85355, 1.95, 0.44645]},
			"faces": {
				"north": {"uv": [11.975, 0.775, 11.275, 1.475], "texture": "#0"},
				"east": {"uv": [11.975, 0.775, 11.275, 1.475], "texture": "#0"},
				"south": {"uv": [11.975, 0.775, 11.275, 1.475], "texture": "#0"},
				"west": {"uv": [11.975, 0.775, 11.275, 1.475], "texture": "#0"},
				"up": {"uv": [11.975, 0.775, 11.275, 1.475], "texture": "#0"},
				"down": {"uv": [11.975, 0.775, 11.275, 1.475], "texture": "#0"}
			}
		},
		{
			"from": [8.85355, 2.8, -0.55355],
			"to": [10.85355, 2.8, 1.44645],
			"rotation": {"angle": -22.5, "axis": "y", "origin": [9.85355, 1.95, 0.44645]},
			"faces": {
				"north": {"uv": [11.575, 1.575, 11.85, 1.825], "texture": "#0"},
				"east": {"uv": [6.275, 1.025, 6.475, 1.475], "rotation": 270, "texture": "#0"},
				"south": {"uv": [11.575, 1.575, 11.85, 1.825], "texture": "#0"},
				"west": {"uv": [13.725, 1.275, 12.525, 2.475], "texture": "#0"},
				"up": {"uv": [11.975, 0.775, 11.275, 1.475], "texture": "#0"},
				"down": {"uv": [11.975, 0.775, 11.275, 1.475], "texture": "#0"}
			}
		},
		{
			"from": [8.08857, 1.101, 1.29328],
			"to": [10.08857, 2.801, 1.29328],
			"rotation": {"angle": -22.5, "axis": "y", "origin": [9.08857, 1.951, 2.29328]},
			"faces": {
				"north": {"uv": [10.775, 1.525, 11.725, 2.475], "texture": "#0"},
				"east": {"uv": [6.275, 1.025, 6.475, 1.475], "rotation": 270, "texture": "#0"},
				"south": {"uv": [11.725, 1.525, 10.775, 2.475], "texture": "#0"},
				"west": {"uv": [13.725, 1.275, 12.525, 2.475], "texture": "#0"},
				"up": {"uv": [11.975, 0.275, 10.775, 1.475], "texture": "#0"},
				"down": {"uv": [11.975, 0.275, 10.775, 1.475], "texture": "#0"}
			}
		},
		{
			"from": [8.85355, 1.1, -0.55355],
			"to": [10.85355, 2.8, -0.55355],
			"rotation": {"angle": -22.5, "axis": "y", "origin": [9.85355, 1.95, 0.44645]},
			"faces": {
				"north": {"uv": [10.775, 1.525, 11.725, 2.475], "texture": "#0"},
				"east": {"uv": [6.275, 1.025, 6.475, 1.475], "rotation": 270, "texture": "#0"},
				"south": {"uv": [11.725, 1.525, 10.775, 2.475], "texture": "#0"},
				"west": {"uv": [13.725, 1.275, 12.525, 2.475], "texture": "#0"},
				"up": {"uv": [11.975, 0.275, 10.775, 1.475], "texture": "#0"},
				"down": {"uv": [11.975, 0.275, 10.775, 1.475], "texture": "#0"}
			}
		},
		{
			"from": [10.6, 1.4, 3.4],
			"to": [12.6, 2.4, 4.4],
			"rotation": {"angle": 45, "axis": "y", "origin": [11.6, 1.9, 3.9]},
			"faces": {
				"north": {"uv": [6.275, 1.025, 6.475, 1.475], "rotation": 90, "texture": "#0"},
				"east": {"uv": [6.275, 1.275, 6.475, 1.475], "rotation": 270, "texture": "#0"},
				"south": {"uv": [6.275, 1.025, 6.475, 1.475], "rotation": 270, "texture": "#0"},
				"west": {"uv": [6.275, 1.025, 6.475, 1.475], "rotation": 270, "texture": "#0"},
				"up": {"uv": [6.275, 1.025, 6.475, 1.475], "rotation": 270, "texture": "#0"},
				"down": {"uv": [6.275, 1.025, 6.475, 1.475], "rotation": 270, "texture": "#0"}
			}
		},
		{
			"from": [11.5, 1.3, 1.6],
			"to": [12.5, 2.3, 3.6],
			"rotation": {"angle": 0, "axis": "y", "origin": [12, 1.8, 2.6]},
			"faces": {
				"north": {"uv": [6.275, 1.275, 6.475, 1.475], "rotation": 270, "texture": "#0"},
				"east": {"uv": [6.275, 1.025, 6.475, 1.475], "rotation": 270, "texture": "#0"},
				"south": {"uv": [6.275, 1.025, 6.475, 1.475], "rotation": 270, "texture": "#0"},
				"west": {"uv": [6.275, 1.025, 6.475, 1.475], "rotation": 90, "texture": "#0"},
				"up": {"uv": [6.275, 1.025, 6.475, 1.475], "rotation": 180, "texture": "#0"},
				"down": {"uv": [6.275, 1.025, 6.475, 1.475], "texture": "#0"}
			}
		},
		{
			"from": [10.4, 1.4, 0.8],
			"to": [12.4, 2.4, 1.8],
			"rotation": {"angle": -45, "axis": "y", "origin": [11.4, 1.9, 1.3]},
			"faces": {
				"north": {"uv": [6.275, 1.025, 6.475, 1.475], "rotation": 270, "texture": "#0"},
				"east": {"uv": [6.275, 1.025, 6.475, 1.475], "rotation": 270, "texture": "#0"},
				"south": {"uv": [6.275, 1.025, 6.475, 1.475], "rotation": 90, "texture": "#0"},
				"west": {"uv": [6.275, 1.275, 6.475, 1.475], "rotation": 270, "texture": "#0"},
				"up": {"uv": [6.275, 1.025, 6.475, 1.475], "rotation": 90, "texture": "#0"},
				"down": {"uv": [6.275, 1.025, 6.475, 1.475], "rotation": 90, "texture": "#0"}
			}
		},
		{
			"from": [7.75289, 1.2, -1.92142],
			"to": [7.75289, 3.24, 0.47858],
			"rotation": {"angle": 22.5, "axis": "y", "origin": [6.55289, 2.22, -0.72142]},
			"faces": {
				"north": {"uv": [13.475, 1.525, 12.525, 2.475], "texture": "#0"},
				"east": {"uv": [13.475, 1.525, 12.525, 2.475], "texture": "#0"},
				"south": {"uv": [13.475, 1.525, 12.525, 2.475], "texture": "#0"},
				"west": {"uv": [13.475, 1.525, 12.525, 2.475], "texture": "#0"},
				"up": {"uv": [13.475, 1.525, 12.525, 2.475], "texture": "#0"},
				"down": {"uv": [13.475, 1.525, 12.525, 2.475], "texture": "#0"}
			}
		},
		{
			"from": [5.35289, 1.2, -1.92142],
			"to": [5.35289, 3.24, 0.47858],
			"rotation": {"angle": 22.5, "axis": "y", "origin": [6.55289, 2.22, -0.72142]},
			"faces": {
				"north": {"uv": [11.025, 0.275, 11.725, 0.975], "texture": "#0"},
				"east": {"uv": [11.025, 0.275, 11.725, 0.975], "texture": "#0"},
				"south": {"uv": [11.025, 0.275, 11.725, 0.975], "texture": "#0"},
				"west": {"uv": [11.025, 0.275, 11.725, 0.975], "texture": "#0"},
				"up": {"uv": [11.025, 0.275, 11.725, 0.975], "texture": "#0"},
				"down": {"uv": [11.025, 0.275, 11.725, 0.975], "texture": "#0"}
			}
		},
		{
			"from": [5.35289, 1.2, -1.92142],
			"to": [7.75289, 1.2, 0.47858],
			"rotation": {"angle": 22.5, "axis": "y", "origin": [6.55289, 2.22, -0.72142]},
			"faces": {
				"north": {"uv": [11.275, 0.775, 11.975, 1.475], "texture": "#0"},
				"east": {"uv": [11.275, 0.775, 11.975, 1.475], "texture": "#0"},
				"south": {"uv": [11.275, 0.775, 11.975, 1.475], "texture": "#0"},
				"west": {"uv": [11.275, 0.775, 11.975, 1.475], "texture": "#0"},
				"up": {"uv": [11.275, 0.775, 11.975, 1.475], "texture": "#0"},
				"down": {"uv": [11.275, 0.775, 11.975, 1.475], "texture": "#0"}
			}
		},
		{
			"from": [5.35289, 3.24, -1.92142],
			"to": [7.75289, 3.24, 0.47858],
			"rotation": {"angle": 22.5, "axis": "y", "origin": [6.55289, 2.22, -0.72142]},
			"faces": {
				"north": {"uv": [11.85, 1.575, 11.575, 1.825], "texture": "#0"},
				"east": {"uv": [12.525, 1.275, 13.725, 2.475], "texture": "#0"},
				"south": {"uv": [11.85, 1.575, 11.575, 1.825], "texture": "#0"},
				"west": {"uv": [6.275, 1.475, 6.475, 1.025], "rotation": 270, "texture": "#0"},
				"up": {"uv": [11.275, 0.775, 11.975, 1.475], "texture": "#0"},
				"down": {"uv": [11.275, 0.775, 11.975, 1.475], "texture": "#0"}
			}
		},
		{
			"from": [6.27087, 1.2012, 0.29478],
			"to": [8.67087, 3.2412, 0.29478],
			"rotation": {"angle": 22.5, "axis": "y", "origin": [7.47087, 2.2212, 1.49478]},
			"faces": {
				"north": {"uv": [11.725, 1.525, 10.775, 2.475], "texture": "#0"},
				"east": {"uv": [12.525, 1.275, 13.725, 2.475], "texture": "#0"},
				"south": {"uv": [10.775, 1.525, 11.725, 2.475], "texture": "#0"},
				"west": {"uv": [6.275, 1.475, 6.475, 1.025], "rotation": 270, "texture": "#0"},
				"up": {"uv": [10.775, 0.275, 11.975, 1.475], "texture": "#0"},
				"down": {"uv": [10.775, 0.275, 11.975, 1.475], "texture": "#0"}
			}
		},
		{
			"from": [5.35289, 1.2, -1.92142],
			"to": [7.75289, 3.24, -1.92142],
			"rotation": {"angle": 22.5, "axis": "y", "origin": [6.55289, 2.22, -0.72142]},
			"faces": {
				"north": {"uv": [11.725, 1.525, 10.775, 2.475], "texture": "#0"},
				"east": {"uv": [12.525, 1.275, 13.725, 2.475], "texture": "#0"},
				"south": {"uv": [10.775, 1.525, 11.725, 2.475], "texture": "#0"},
				"west": {"uv": [6.275, 1.475, 6.475, 1.025], "rotation": 270, "texture": "#0"},
				"up": {"uv": [10.775, 0.275, 11.975, 1.475], "texture": "#0"},
				"down": {"uv": [10.775, 0.275, 11.975, 1.475], "texture": "#0"}
			}
		},
		{
			"from": [3.25716, 1.56, 2.82284],
			"to": [5.65716, 2.76, 4.02284],
			"rotation": {"angle": -45, "axis": "y", "origin": [4.45716, 2.16, 3.42284]},
			"faces": {
				"north": {"uv": [6.275, 1.475, 6.475, 1.025], "rotation": 90, "texture": "#0"},
				"east": {"uv": [6.275, 1.475, 6.475, 1.025], "rotation": 270, "texture": "#0"},
				"south": {"uv": [6.275, 1.475, 6.475, 1.025], "rotation": 270, "texture": "#0"},
				"west": {"uv": [6.275, 1.475, 6.475, 1.275], "rotation": 270, "texture": "#0"},
				"up": {"uv": [6.275, 1.475, 6.475, 1.025], "rotation": 270, "texture": "#0"},
				"down": {"uv": [6.275, 1.475, 6.475, 1.025], "rotation": 270, "texture": "#0"}
			}
		},
		{
			"from": [3.37716, 1.44, 0.66284],
			"to": [4.57716, 2.64, 3.06284],
			"rotation": {"angle": 0, "axis": "y", "origin": [3.97716, 2.04, 1.86284]},
			"faces": {
				"north": {"uv": [6.275, 1.475, 6.475, 1.275], "rotation": 270, "texture": "#0"},
				"east": {"uv": [6.275, 1.475, 6.475, 1.025], "rotation": 90, "texture": "#0"},
				"south": {"uv": [6.275, 1.475, 6.475, 1.025], "rotation": 270, "texture": "#0"},
				"west": {"uv": [6.275, 1.475, 6.475, 1.025], "rotation": 270, "texture": "#0"},
				"up": {"uv": [6.475, 1.025, 6.275, 1.475], "rotation": 180, "texture": "#0"},
				"down": {"uv": [6.475, 1.025, 6.275, 1.475], "texture": "#0"}
			}
		},
		{
			"from": [3.49716, 1.56, -0.29716],
			"to": [5.89716, 2.76, 0.90284],
			"rotation": {"angle": 45, "axis": "y", "origin": [4.69716, 2.16, 0.30284]},
			"faces": {
				"north": {"uv": [6.275, 1.475, 6.475, 1.025], "rotation": 270, "texture": "#0"},
				"east": {"uv": [6.275, 1.475, 6.475, 1.275], "rotation": 270, "texture": "#0"},
				"south": {"uv": [6.275, 1.475, 6.475, 1.025], "rotation": 90, "texture": "#0"},
				"west": {"uv": [6.275, 1.475, 6.475, 1.025], "rotation": 270, "texture": "#0"},
				"up": {"uv": [6.275, 1.475, 6.475, 1.025], "rotation": 90, "texture": "#0"},
				"down": {"uv": [6.275, 1.475, 6.475, 1.025], "rotation": 90, "texture": "#0"}
			}
		}
	],
	"display": {
		"thirdperson_righthand": {
			"translation": [0, 6.25, 0]
		},
		"thirdperson_lefthand": {
			"translation": [0, 6.25, 0]
		},
		"firstperson_righthand": {
			"rotation": [0, 136, 0],
			"translation": [0, 8.75, 0]
		},
		"firstperson_lefthand": {
			"rotation": [0, 125, 0],
			"translation": [0, 7.75, 0]
		},
		"ground": {
			"translation": [0, 9, 0],
			"scale": [1.2, 1.2, 1.2]
		},
		"gui": {
			"rotation": [28, 138, 0],
			"translation": [0.5, 7.75, 0],
			"scale": [1.2, 1.2, 1.2]
		},
		"head": {
			"translation": [0, 17.5, 0],
			"scale": [1.5, 1.5, 1.5]
		},
		"fixed": {
			"rotation": [-90, 0, 0],
			"translation": [0, 0, -16],
			"scale": [2, 2, 2]
		}
	},
	"groups": [
		0,
		1,
		2,
		3,
		4,
		5,
		6,
		7,
		8,
		9,
		10,
		11,
		12,
		13,
		14,
		15,
		16,
		17,
		18,
		19,
		20,
		21,
		22,
		23,
		24,
		25,
		26,
		{
			"name": "group",
			"origin": [11.61421, 1.6, -1.21421],
			"color": 0,
			"children": [27, 28, 29, 30, 31, 32, 33, 34, 35]
		},
		{
			"name": "group",
			"origin": [11.61421, 1.6, -1.21421],
			"color": 0,
			"children": [36, 37, 38, 39, 40, 41, 42, 43, 44]
		}
	]
}