{
    "model": {
      "type": "minecraft:range_dispatch",
      "property": "minecraft:custom_model_data",
      "index": 0,
      "fallback": {
        "type": "minecraft:model",
        "model": "minecraft:item/shears"
      },
      "entries": [
        {
          "model": {
            "type": "minecraft:model",
            "model": "infinitefishing:item/hook/delicate_hook"
          },
          "threshold": 50000
        },
        {
          "model": {
            "type": "minecraft:model",
            "model": "minecraft:item/shears"
          },
          "threshold": 50001
        }
      ]
    }
  }