{"overrides":[{"predicate":{"custom_model_data":1},"model":"modelengine:internal_fire/fire_0"},{"predicate":{"custom_model_data":2},"model":"modelengine:internal_fire/fire_1"},{"predicate":{"custom_model_data":3},"model":"modelengine:aloc_the_demonic_mech_blades/aloc_the_demonic_mech_blades"},{"predicate":{"custom_model_data":4},"model":"modelengine:aloc_the_demonic_mech_base/base"},{"predicate":{"custom_model_data":5},"model":"modelengine:aloc_the_demonic_mech_normal_fireball/aloc_the_demonic_mech_fireball"},{"predicate":{"custom_model_data":6},"model":"modelengine:aloc_the_demonic_mech_shrapnel/aloc_the_demonic_mech_shrapnel"},{"predicate":{"custom_model_data":7},"model":"modelengine:aloc_the_demonic_mech/main"},{"predicate":{"custom_model_data":8},"model":"modelengine:aloc_the_demonic_mech/sub_body3"},{"predicate":{"custom_model_data":9},"model":"modelengine:aloc_the_demonic_mech/sub_body2"},{"predicate":{"custom_model_data":10},"model":"modelengine:aloc_the_demonic_mech/sub_body1"},{"predicate":{"custom_model_data":11},"model":"modelengine:aloc_the_demonic_mech/body_main"},{"predicate":{"custom_model_data":12},"model":"modelengine:aloc_the_demonic_mech/head"},{"predicate":{"custom_model_data":13},"model":"modelengine:aloc_the_demonic_mech/arm2"},{"predicate":{"custom_model_data":14},"model":"modelengine:aloc_the_demonic_mech/arm1"},{"predicate":{"custom_model_data":15},"model":"modelengine:aloc_the_demonic_mech/horn2"},{"predicate":{"custom_model_data":16},"model":"modelengine:aloc_the_demonic_mech/horn1"},{"predicate":{"custom_model_data":17},"model":"modelengine:aloc_the_demonic_mech/sub_arm2"},{"predicate":{"custom_model_data":18},"model":"modelengine:aloc_the_demonic_mech/sub_arm1"},{"predicate":{"custom_model_data":19},"model":"modelengine:aloc_the_demonic_mech/hand2"},{"predicate":{"custom_model_data":20},"model":"modelengine:aloc_the_demonic_mech/hand1"}],"parent":"minecraft:item/generated","textures":{"layer0":"minecraft:item/leather_horse_armor"}}