{
    "parent": "minecraft:item/generated",
    "textures": {
        "layer0": "minecraft:item/paper"
    },
    "overrides": [
	    {
            "predicate": {
                "custom_model_data": 40096
            },
            "model": "infinitefishing:item/gui_items/gui_bar1"
        },
		{
            "predicate": {
                "custom_model_data": 40097
            },
            "model": "infinitefishing:item/gui_items/gui_bar2"
        },
		{
            "predicate": {
                "custom_model_data": 40098
            },
            "model": "infinitefishing:item/gui_items/gui_bar3"
        },
        {
            "predicate": {
                "custom_model_data": 49998
            },
            "model": "infinitefishing:item/util/splash_water"
        },
        {
            "predicate": {
                "custom_model_data": 49999
            },
            "model": "infinitefishing:item/util/splash_lava"
        },
        {
            "predicate": {
                "custom_model_data": 50070
            },
            "model": "infinitefishing:item/bait/simple_bait"
        },
        {
            "predicate": {
                "custom_model_data": 50071
            },
            "model": "infinitefishing:item/bait/magnetic_bait"
        },
        {
            "predicate": {
                "custom_model_data": 50072
            },
            "model": "infinitefishing:item/bait/wild_bait"
        },
        {
            "predicate": {
                "custom_model_data": 50073
            },
            "model": "infinitefishing:item/bait/nice_bait"
        },
        {
            "predicate": {
                "custom_model_data": 50074
            },
            "model": "infinitefishing:item/bait/worm_bait"
        },
        {
            "predicate": {
                "custom_model_data": 50075
            },
            "model": "infinitefishing:item/util/crab"
        },
        {
            "predicate": {
                "custom_model_data": 50076
            },
            "model": "item/paper"
        },
        {
            "predicate": {
                "custom_model_data": 50080
            },
            "model": "infinitefishing:item/util/fishfinder"
        }
    ]
}